"OID_";"UIDENTSTLAE";"ULAND";"UREGBEZ";"UKREIS";"UGEMEINDE";"UJAHR";"UMONAT";"USTUNDE";"UWOCHENTAG";"UKATEGORIE";"UART";"UTYP1";"ULICHTVERH";"IstStrassenzustand";"IstRad";"IstPKW";"IstFuss";"IstKrad";"IstGkfz";"IstSonstige";"LINREFX";"LINREFY";"XGCSWGS84";"YGCSWGS84";"PLST"
265505;8,23E+018;8;2;12;0;2023;1;14;1;3;0;1;0;1;1;0;0;0;0;0;451449.368724698;5428535.25338133;8.33611308500002;49.0078006260001;2
202914;8,23E+018;8;2;12;0;2023;1;22;1;2;0;7;1;1;1;0;0;0;0;0;457170.9393;5427573.362;8.41444738600006;48.99957189;1
83279;8,23E+018;8;2;12;0;2023;1;9;2;3;0;7;0;0;1;0;0;0;0;0;455224.7434;5429012.7645;8.38768210400002;49.012381352;1
203006;8,23E+018;8;2;12;0;2023;1;9;2;3;0;7;0;0;1;0;0;0;0;0;455618.0168;5426838.7556;8.39329754000005;48.992854321;1
202899;8,23E+018;8;2;12;0;2023;1;11;2;3;3;6;0;0;1;1;0;0;0;0;455616.0165;5427034.3349;8.39324883200004;48.9946134370001;1
202734;8,23E+018;8;2;12;0;2023;1;14;2;3;5;3;0;0;1;0;0;0;0;0;456886.9724;5427629.9594;8.41055923900007;49.000061224;1
80473;8,23E+018;8;2;12;0;2023;1;15;2;2;0;7;0;1;1;0;0;0;0;0;455999.054;5429209.594;8.39824912600005;49.014207556;1
202420;8,23E+018;8;2;12;0;2023;1;18;2;3;5;2;2;1;1;1;0;0;0;1;458408.451;5431214.764;8.43099235500006;49.0324114580001;1
83842;8,23E+018;8;2;12;0;2023;1;7;3;3;5;2;1;0;1;1;0;0;0;0;452903.2313;5427369.6572;8.35612721400003;48.9974287040001;1
202396;8,23E+018;8;2;12;0;2023;1;7;3;3;0;5;1;0;1;1;0;0;0;0;460525.7928;5427641.61;8.46030559500002;49.0004094450001;1
202869;8,23E+018;8;2;12;0;2023;1;8;3;3;0;7;0;0;1;0;0;0;0;0;456328.5211;5428699.3828;8.40280951200003;49.009641559;1
202703;8,23E+018;8;2;12;0;2023;1;12;3;3;0;2;0;0;1;1;0;0;0;0;456005.3469;5428252.9704;8.39843886000006;49.0056030750001;1
202550;8,23E+018;8;2;12;0;2023;1;13;3;3;5;3;0;0;1;0;0;0;0;0;457352.5687;5428612.4148;8.41682133200004;49.0089308940001;1
202549;8,23E+018;8;2;12;0;2023;1;17;3;2;0;7;0;0;1;0;0;0;0;0;459988.0214;5427171.9245;8.45299975800003;48.9961499020001;1
202668;8,23E+018;8;2;12;0;2023;1;8;4;3;0;1;0;2;1;0;0;0;0;0;459330.639;5428255.356;8.44390468700004;49.00585262;1
202529;8,23E+018;8;2;12;0;2023;1;17;4;3;6;4;2;0;1;0;1;0;0;0;455391.1086;5428692.8306;8.38999223300004;49.009515568;1
202844;8,23E+018;8;2;12;0;2023;1;20;4;3;0;1;2;0;1;0;0;0;0;0;455771.1227;5428743.3464;8.39518295700003;49.0099973170001;1
202814;8,23E+018;8;2;12;0;2023;1;8;5;3;5;2;0;0;1;1;0;0;0;0;456864.665;5428489.6437;8.41016294800005;49.0077926400001;1
202642;8,23E+018;8;2;12;0;2023;1;16;5;3;0;7;0;1;1;0;0;0;0;0;455434.3382;5428669.6428;8.39058589000007;49.0093101150001;1
202645;8,23E+018;8;2;12;0;2023;1;18;5;3;5;3;2;0;1;1;0;0;0;0;455779.7795;5428963.8034;8.39527731300007;49.011980969;1
202955;8,23E+018;8;2;12;0;2023;1;19;5;3;1;5;2;0;1;1;0;0;0;0;453682.763;5432371.4193;8.36621269200003;49.0424787060001;1
202497;8,23E+018;8;2;12;0;2023;1;20;5;3;0;1;2;0;1;0;0;0;0;0;454445.9165;5428297.7655;8.37711225100003;49.0058928770001;1
202643;8,23E+018;8;2;12;0;2023;1;21;5;3;5;2;2;0;1;1;0;0;0;0;456886.628;5428291.309;8.41048431700006;49.0060101290001;1
202474;8,23E+018;8;2;12;0;2023;1;8;6;3;3;6;0;0;1;0;0;0;0;0;454651.9983;5428514.4747;8.37990575000003;49.0078573700001;1
202797;8,23E+018;8;2;12;0;2023;1;15;6;3;5;7;0;1;1;1;0;0;0;0;460122.551;5430443.3838;8.45451741700003;49.0255860090001;1
202476;8,23E+018;8;2;12;0;2023;1;17;6;3;5;3;2;0;1;1;0;0;0;0;460412.1342;5427284.4703;8.45878652700003;48.9971896170001;1
202614;8,23E+018;8;2;12;0;2023;1;22;6;3;4;6;2;1;1;1;0;0;0;0;453062.4192;5430667.382;8.35792200800006;49.0271039690001;1
202598;8,23E+018;8;2;12;0;2023;1;12;7;3;5;3;0;0;1;1;0;0;0;0;455431.7818;5427605.3087;8.39066775600003;48.9997361390001;1
202280;8,23E+018;8;2;12;0;2023;2;15;1;2;5;3;0;1;1;0;0;0;0;1;458749.0373;5429345.5239;8.43584172800007;49.0156202580001;1
203985;8,23E+018;8;2;12;0;2023;2;22;1;2;0;7;2;0;1;0;0;0;0;0;455746.1499;5428574.1532;8.39485992600004;49.0084736160001;1
203820;8,23E+018;8;2;12;0;2023;2;10;2;3;0;7;0;0;1;0;0;0;0;0;451669.6907;5428366.9373;8.33914561900002;49.006303916;1
83016;8,23E+018;8;2;12;0;2023;2;12;2;3;1;5;0;0;1;0;0;0;1;0;455667.5379;5427513.2637;8.39390084700005;48.9989251600001;1
83019;8,23E+018;8;2;12;0;2023;2;14;2;3;2;2;0;0;1;1;0;0;0;0;456009.14;5429124.787;8.39839624500007;49.0134454280001;1
204167;8,23E+018;8;2;12;0;2023;2;16;2;3;5;2;0;0;1;1;0;0;0;0;460314.1615;5425092.0474;8.45766126200005;48.9774619720001;1
204171;8,23E+018;8;2;12;0;2023;2;20;2;3;5;2;2;0;1;1;0;0;0;0;460094.179;5427196.906;8.45444850600006;48.9963814860001;1
203925;8,23E+018;8;2;12;0;2023;2;6;3;3;5;3;0;0;1;1;0;0;0;0;454711.5749;5427522.7653;8.38083096000003;48.9989412350001;1
85473;8,23E+018;8;2;12;0;2023;2;12;3;3;5;3;0;0;1;1;0;0;0;0;452781.8588;5429572.2857;8.35421183300002;49.0172321490001;1
203902;8,23E+018;8;2;12;0;2023;2;11;4;3;1;7;0;0;1;0;0;0;0;1;459628.5644;5427162.0682;8.44808687000005;48.996037841;1
83204;8,23E+018;8;2;12;0;2023;2;12;4;3;0;1;0;1;1;0;0;0;0;0;455800.39;5427029.079;8.39576973400006;48.9945793860001;1
204060;8,23E+018;8;2;12;0;2023;2;7;5;3;5;3;0;0;1;1;0;0;0;0;456615.5843;5428678.7319;8.40673697500006;49.009476051;1
85659;8,23E+018;8;2;12;0;2023;2;8;5;3;5;2;1;0;1;1;0;0;0;0;458879.7194;5428185.0536;8.43774643600005;49.0051903580001;1
265565;8,23E+018;8;2;12;0;2023;2;13;5;3;5;3;0;0;1;0;0;0;0;1;456381.33593373;5425497.43951947;8.40387547400007;48.980843378;2
82877;8,23E+018;8;2;12;0;2023;2;14;5;3;6;4;0;0;1;0;1;0;0;0;455683.8515;5427728.9092;8.39410033900003;49.0008660870001;1
204059;8,23E+018;8;2;12;0;2023;2;17;5;3;5;3;2;0;1;1;0;0;0;0;452742.4602;5428826.5855;8.35375985800005;49.010521543;1
203087;8,23E+018;8;2;12;0;2023;2;19;5;2;2;6;2;0;1;1;0;0;0;0;454291.6226;5429156.6726;8.37490591800002;49.0136073950001;1
204180;8,23E+018;8;2;12;0;2023;2;12;6;2;5;3;0;0;1;0;0;0;0;1;454603.2947;5428822.054;8.37920541500006;49.010620488;1
202158;8,23E+018;8;2;12;0;2023;2;15;6;3;4;6;0;0;1;1;0;0;0;0;455592.6662;5428353.9754;8.39278535100004;49.0064820700001;1
203867;8,23E+018;8;2;12;0;2023;2;19;6;2;6;4;2;0;1;0;1;0;0;0;455693.4735;5428749.7802;8.39412048700007;49.010049619;1
204020;8,23E+018;8;2;12;0;2023;2;19;6;3;0;7;2;0;1;0;0;0;0;0;456874.4612;5428653.9222;8.41027944300004;49.009271031;1
202413;8,23E+018;8;2;12;0;2023;2;11;7;2;5;3;0;0;1;0;0;1;0;0;452465.2635;5427672.5727;8.35010458800002;49.0001198740001;1
203817;8,23E+018;8;2;12;0;2023;3;17;1;3;5;3;0;0;1;1;0;0;0;0;453774.224;5428571.63;8.36789720400003;49.0083063600001;1
84414;8,23E+018;8;2;12;0;2023;3;19;1;3;5;2;2;0;1;1;0;0;0;0;455179.243;5428434.866;8.38712371400004;49.0071798010001;1
205145;8,23E+018;8;2;12;0;2023;3;6;2;3;5;3;0;0;1;1;0;0;0;0;457896.0025;5428021.9811;8.42431330500006;49.0036571700001;1
203489;8,23E+018;8;2;12;0;2023;3;8;2;2;5;3;0;0;1;1;0;0;0;0;456677.7349;5424043.2307;8.40808094600004;48.967783373;1
203667;8,23E+018;8;2;12;0;2023;3;13;2;2;0;3;0;0;1;1;0;0;0;0;457877.901;5427933.165;8.42407502900005;49.0028570200001;1
205148;8,23E+018;8;2;12;0;2023;3;14;2;3;4;6;0;0;1;0;0;0;0;0;456851.3271;5428338.6403;8.40999662200005;49.0064334130001;1
203487;8,23E+018;8;2;12;0;2023;3;16;2;3;5;2;0;1;1;1;0;0;0;0;454294.3653;5429156.4453;8.37494345000005;49.0136055530001;1
205147;8,23E+018;8;2;12;0;2023;3;17;2;3;5;3;0;0;1;1;0;0;0;0;453389.3691;5428830.1986;8.36260525300003;49.0106032470001;1
84645;8,23E+018;8;2;12;0;2023;3;8;3;3;5;2;0;0;1;1;0;0;0;0;460140.9415;5427836.4202;8.45502500700007;49.002137072;1
84092;8,23E+018;8;2;12;0;2023;3;8;3;3;5;3;0;0;1;1;0;0;0;0;459690.1323;5430472.7033;8.44859974400004;49.025821631;1
205093;8,23E+018;8;2;12;0;2023;3;8;3;3;5;3;0;0;1;1;0;0;0;0;455824.4906;5425855.1604;8.39622678900003;48.9840215570001;1
205096;8,23E+018;8;2;12;0;2023;3;8;3;3;5;3;0;0;1;1;0;0;0;0;456363.097;5425508.777;8.40362500500004;48.980944073;1
265602;8,23E+018;8;2;12;0;2023;3;11;3;3;0;1;0;0;1;0;0;0;0;0;457300.837352679;5426962.17245851;8.41628748100004;48.9940831450001;2
203637;8,23E+018;8;2;12;0;2023;3;12;3;3;4;6;0;0;1;0;0;0;0;1;455628.2563;5428470.1749;8.39325927300007;49.0075298560001;1
205097;8,23E+018;8;2;12;0;2023;3;13;3;3;1;6;0;0;1;1;0;0;0;0;459353.4014;5431109.1976;8.44393001500004;49.0315248900001;1
203250;8,23E+018;8;2;12;0;2023;3;16;3;3;0;2;0;0;1;1;0;0;0;0;453625.3159;5430615.1251;8.36562757600007;49.026676502;1
84936;8,23E+018;8;2;12;0;2023;3;17;3;3;5;3;0;0;1;1;0;0;0;0;456205.3916;5426688.0526;8.40134274400003;48.9915406690001;1
203457;8,23E+018;8;2;12;0;2023;3;17;3;3;5;3;0;1;1;1;0;0;0;0;455904.8859;5423873.7858;8.39754035400006;48.9662045260001;1
203421;8,23E+018;8;2;12;0;2023;3;7;4;3;5;3;0;0;1;1;0;0;0;0;457560.342;5428410.7155;8.41968344300005;49.0071309040001;1
203213;8,23E+018;8;2;12;0;2023;3;8;4;3;5;3;0;0;1;1;0;0;0;0;455948.4819;5423716.5227;8.39815298500002;48.9647930260001;1
203992;8,23E+018;8;2;12;0;2023;3;9;4;3;1;1;0;0;1;1;0;0;0;0;461840.2318;5426960.256;8.47833992000005;48.994363154;1
203422;8,23E+018;8;2;12;0;2023;3;12;4;3;5;2;0;1;1;0;0;0;0;0;457118.4185;5428399.3127;8.41364214900005;49.0069977850001;1
203775;8,23E+018;8;2;12;0;2023;3;12;4;3;5;2;0;0;1;1;0;0;0;0;455531.4497;5428883.3995;8.39189034800006;49.011239882;1
205017;8,23E+018;8;2;12;0;2023;3;6;5;3;5;3;2;1;1;1;0;0;0;0;454264.171;5428845.96;8.37456553400006;49.0108104820001;1
203175;8,23E+018;8;2;12;0;2023;3;7;5;3;5;2;0;1;1;1;0;0;0;0;455128.3419;5428115.8021;8.38646299900006;49.0043060940001;1
203590;8,23E+018;8;2;12;0;2023;3;10;5;3;4;6;0;1;1;1;0;0;0;0;455844.3;5427476.3893;8.39632135000005;48.9986061390001;1
203588;8,23E+018;8;2;12;0;2023;3;13;5;3;1;5;0;0;1;1;0;0;0;0;453969.9116;5428668.7955;8.37056189900005;49.0091949960001;1
203174;8,23E+018;8;2;12;0;2023;3;14;5;3;1;5;0;1;1;1;0;0;0;0;456214.575;5425963.539;8.40154632700006;48.9850242160001;1
203744;8,23E+018;8;2;12;0;2023;3;15;5;3;0;2;0;0;1;1;0;0;0;0;458947.561;5428906.74;8.43860103400004;49.011686567;1
203743;8,23E+018;8;2;12;0;2023;3;17;5;3;6;7;0;0;1;0;1;0;0;0;456325.1176;5428627.2517;8.40277073300007;49.0089924910001;1
203355;8,23E+018;8;2;12;0;2023;3;7;6;3;5;3;0;0;1;1;0;0;0;0;453774.6628;5428564.6281;8.36790400100006;49.00824341;1
204986;8,23E+018;8;2;12;0;2023;3;14;6;3;0;6;0;0;1;1;0;0;0;0;457407.0695;5428640.3372;8.41756362900003;49.009185824;1
203325;8,23E+018;8;2;12;0;2023;3;17;7;2;5;2;0;0;1;0;0;0;0;1;459042.1464;5428955.6552;8.43988950500005;49.012132853;1
203536;8,23E+018;8;2;12;0;2023;3;17;7;3;5;3;0;0;1;1;0;0;0;0;455141.1466;5430589.04;8.38636467200007;49.0265539870001;1
205191;8,23E+018;8;2;12;0;2023;3;18;7;3;4;6;0;0;1;0;0;0;0;0;456060.8936;5428551.3441;8.39916604300004;49.008290937;1
84463;8,23E+018;8;2;12;0;2023;3;19;7;3;5;3;2;0;1;1;0;0;0;0;453031.362;5428872.1006;8.35770502100007;49.010953011;1
203692;8,23E+018;8;2;12;0;2023;3;22;7;3;5;3;2;0;1;1;0;0;0;0;455463.5582;5426658.667;8.39120595200006;48.991223281;1
87975;8,23E+018;8;2;12;0;2023;4;18;1;3;0;7;0;0;1;0;0;0;0;0;463695.9637;5424163.9975;8.50395722900004;48.9693218580001;1
204326;8,23E+018;8;2;12;0;2023;4;20;1;3;5;3;2;1;1;1;0;0;0;0;455040.072;5429892.7589;8.38505930600007;49.0202835360001;1
204541;8,23E+018;8;2;12;0;2023;4;7;2;3;5;3;0;0;1;1;0;0;0;0;455669.7833;5427727.5313;8.39390815700006;49.0008526820001;1
204540;8,23E+018;8;2;12;0;2023;4;9;2;2;5;3;0;1;1;0;0;0;0;0;460756.0589;5427222.2583;8.46349418200003;48.9966519650001;1
204912;8,23E+018;8;2;12;0;2023;4;13;2;3;5;3;0;0;1;1;0;0;0;0;453583.8728;5427973.8942;8.36536279300003;49.0029154050001;1
204300;8,23E+018;8;2;12;0;2023;4;16;2;3;4;6;0;1;1;1;0;0;0;0;456298.3521;5428780.5212;8.40238825100005;49.0103692720001;1
204301;8,23E+018;8;2;12;0;2023;4;17;2;2;0;1;0;1;1;0;0;0;0;0;460916.5109;5427571.6997;8.46565400600002;48.9998054480001;1
204539;8,23E+018;8;2;12;0;2023;4;17;2;2;8;7;0;1;1;0;0;0;0;0;461206.7418;5427507.1135;8.46962800700004;48.9992427880001;1
265628;8,23E+018;8;2;12;0;2023;4;17;2;3;3;6;0;0;1;0;0;0;0;0;456672.553836996;5432083.26735028;8.40715227900006;49.040104177;2
265638;8,23E+018;8;2;12;0;2023;4;18;2;2;5;3;0;0;1;0;0;0;0;0;458925.161585865;5430418.34235179;8.43814170700006;49.025282174;2
204910;8,23E+018;8;2;12;0;2023;4;19;2;3;5;3;0;0;1;1;0;0;0;0;455737.4302;5428258.5337;8.39477510700004;49.0056339610001;1
204701;8,23E+018;8;2;12;0;2023;4;7;3;3;6;3;0;1;1;0;1;0;0;0;453813.9843;5425686.1296;8.36876890400004;48.982354038;1
205050;8,23E+018;8;2;12;0;2023;4;7;3;3;5;3;0;0;1;1;0;0;0;0;457339.1388;5429310.9247;8.41656427800007;49.0152131530001;1
204279;8,23E+018;8;2;12;0;2023;4;10;3;3;5;3;0;1;1;1;0;0;0;0;457346.0612;5428571.9274;8.41673660500004;49.0085662540001;1
204510;8,23E+018;8;2;12;0;2023;4;12;3;3;5;3;0;0;1;1;0;0;0;0;458409.7578;5431215.2566;8.43101018100003;49.032415977;1
204280;8,23E+018;8;2;12;0;2023;4;17;3;3;5;2;0;0;1;0;0;0;0;1;454792.7689;5428237.67;8.38186136900004;49.0053778180001;1
204697;8,23E+018;8;2;12;0;2023;4;18;3;3;0;7;0;0;1;0;0;0;0;0;456033.8848;5424019.7874;8.39928695400005;48.967527026;1
204698;8,23E+018;8;2;12;0;2023;4;20;3;3;0;1;2;0;1;0;0;0;0;0;455788.5355;5428742.0365;8.39542120100003;49.0099867820001;1
87930;8,23E+018;8;2;12;0;2023;4;14;4;3;2;6;0;0;1;0;0;0;0;0;449200.5459;5431781.602;8.30495820500005;49.036820253;1
87933;8,23E+018;8;2;12;0;2023;4;15;4;3;5;2;0;0;1;1;0;0;0;0;455671.6391;5427565.8921;8.39395117100003;48.9993988530001;1
87581;8,23E+018;8;2;12;0;2023;4;20;4;3;5;3;2;0;1;1;0;0;0;0;452997.2368;5430348.3855;8.35706737900006;49.0242296280001;1
265645;8,23E+018;8;2;12;0;2023;4;10;5;3;6;7;0;0;1;0;1;0;0;0;453101.23412716;5428687.78642958;8.35868175300004;49.0093004120001;2
204441;8,23E+018;8;2;12;0;2023;4;11;5;2;0;7;0;0;1;0;0;0;0;0;457404.096;5427549.97;8.41763735100005;48.999377608;1
204207;8,23E+018;8;2;12;0;2023;4;14;5;3;6;7;0;0;1;0;1;0;0;0;455464.4272;5432957.8781;8.39052636100007;49.0478852320001;1
206247;8,23E+018;8;2;12;0;2023;4;10;6;3;2;2;0;1;1;1;0;0;0;0;457837.746;5428680.572;8.42344841500005;49.009577317;1
204404;8,23E+018;8;2;12;0;2023;4;10;6;3;5;3;0;0;1;1;0;0;0;0;452917.2815;5428320.2973;8.35620907300006;49.005980827;1
204605;8,23E+018;8;2;12;0;2023;4;11;6;3;5;2;0;0;1;1;0;0;0;0;456585.0591;5426832.5628;8.40651693500007;48.9928673700001;1
204773;8,23E+018;8;2;12;0;2023;4;14;6;3;0;1;0;1;1;0;0;0;0;0;454466.497;5431677.421;8.37701431100004;49.036294571;1
204402;8,23E+018;8;2;12;0;2023;4;15;6;3;0;7;0;0;1;0;0;0;0;0;459810.154;5433010.655;8.44998979200005;49.0486587040001;1
204606;8,23E+018;8;2;12;0;2023;4;16;6;3;5;2;0;0;1;1;0;0;0;0;453547.4355;5429833.4939;8.36465180800008;49.0196398470001;1
204405;8,23E+018;8;2;12;0;2023;4;17;6;3;5;3;0;1;1;1;0;0;0;0;457671.7651;5429098.4928;8.42113523300003;49.0133252100001;1
204942;8,23E+018;8;2;12;0;2023;4;9;7;3;5;2;0;1;1;0;0;0;0;1;451456.8428;5427833.7525;8.33629914300008;49.00149121;1
204354;8,23E+018;8;2;12;0;2023;4;14;7;3;1;5;0;0;1;1;0;0;0;0;455738.4948;5428373.4201;8.39477713800005;49.006667453;1
206210;8,23E+018;8;2;12;0;2023;4;20;7;3;2;2;0;0;1;1;0;0;0;0;453266.796;5428907.863;8.36092024800007;49.0112925710001;1
205824;8,23E+018;8;2;12;0;2023;5;10;1;2;0;7;0;0;1;0;0;0;0;0;451307.874;5428376.954;8.33419739200002;49.0063655750001;1
207126;8,23E+018;8;2;12;0;2023;5;14;1;2;0;7;0;0;1;0;0;0;0;0;456774.1437;5427789.1601;8.40899978900006;49.0014853650001;1
205827;8,23E+018;8;2;12;0;2023;5;14;1;3;5;3;0;0;1;1;0;0;0;0;456533.7002;5427710.3435;8.40572097500007;49.000759515;1
86033;8,23E+018;8;2;12;0;2023;5;15;1;3;0;3;0;0;1;1;0;0;0;0;460859.3172;5425416.6266;8.46507966500008;48.980416426;1
205573;8,23E+018;8;2;12;0;2023;5;16;1;3;6;7;0;0;1;0;1;0;0;0;455704.7781;5428540.3932;8.39429791200007;49.0081669740001;1
88055;8,23E+018;8;2;12;0;2023;5;7;2;3;5;3;0;0;1;0;0;0;0;1;455146.1279;5428124.0586;8.38670526300007;49.004381654;1
205317;8,23E+018;8;2;12;0;2023;5;9;2;3;1;7;0;0;1;1;0;0;0;0;456751.5702;5429027.3567;8.40855927400003;49.0126215180001;1
87810;8,23E+018;8;2;12;0;2023;5;11;2;3;5;3;0;0;1;1;0;0;0;0;460738.17;5425576.75;8.46340860700008;48.9818490880001;1
205543;8,23E+018;8;2;12;0;2023;5;13;2;3;0;7;0;0;1;0;0;0;0;0;454850.0482;5428133.4746;8.38265611200006;49.004444764;1
85993;8,23E+018;8;2;12;0;2023;5;14;2;3;0;1;0;1;1;0;0;0;0;0;454313.3537;5428262.4593;8.37530372700007;49.005565496;1
205546;8,23E+018;8;2;12;0;2023;5;15;2;3;5;3;0;0;1;1;0;0;0;0;456342.316;5427704.3765;8.40310512500003;49.0006923350001;1
205318;8,23E+018;8;2;12;0;2023;5;16;2;3;1;1;0;0;1;1;0;0;0;0;462768.5509;5428942.698;8.49084814000003;49.0122524060001;1
205319;8,23E+018;8;2;12;0;2023;5;16;2;3;5;2;0;0;1;1;0;0;0;0;457433.9609;5429500.5888;8.41784111300007;49.016925755;1
265751;8,23E+018;8;2;12;0;2023;5;17;2;2;5;3;0;0;1;1;0;0;0;0;453973.643346242;5432909.98384412;8.37013155100004;49.047344884;2
205936;8,23E+018;8;2;12;0;2023;5;17;2;3;6;6;0;0;1;0;1;0;0;0;455700.427;5428535.9765;8.39423890000006;49.008126933;1
205321;8,23E+018;8;2;12;0;2023;5;19;2;3;1;5;0;0;1;0;0;0;0;0;460457.198;5427224.44;8.45940841800007;48.9966525190001;1
265706;8,23E+018;8;2;12;0;2023;5;20;2;3;0;6;1;1;1;0;0;0;0;0;458604.39602492;5430021.9813932;8.43379466300007;49.0216954050001;2
205798;8,23E+018;8;2;12;0;2023;5;23;2;3;0;1;2;0;1;0;0;0;0;0;455816.7963;5428379.9901;8.39584704000004;49.0067321610001;1
205757;8,23E+018;8;2;12;0;2023;5;8;3;3;4;6;0;1;1;0;0;0;0;0;456601.748;5428441.426;8.40657314900005;49.0073404830001;1
88797;8,23E+018;8;2;12;0;2023;5;10;3;3;5;2;0;0;1;1;0;0;0;0;452987.85;5428939.079;8.35710227800007;49.0115521700001;1
206117;8,23E+018;8;2;12;0;2023;5;13;3;3;3;6;0;0;1;1;0;0;0;0;463162.7236;5428173.0158;8.49630820000004;49.0053525770001;1
205273;8,23E+018;8;2;12;0;2023;5;16;3;3;1;5;0;0;1;1;0;0;0;0;457366.4869;5428555.8423;8.41701758600004;49.0084229780001;1
205513;8,23E+018;8;2;12;0;2023;5;18;3;2;5;2;0;0;1;1;0;0;0;0;457839.162;5428891.639;8.42344585500007;49.011475992;1
89264;8,23E+018;8;2;12;0;2023;5;20;3;3;5;3;0;0;1;1;0;0;0;0;454040.609;5428255.171;8.37157541200003;49.0054796870001;1
205758;8,23E+018;8;2;12;0;2023;5;22;3;3;0;7;2;1;1;0;0;0;0;0;457262.7132;5429887.5243;8.41545839600008;49.0203944460001;1
205720;8,23E+018;8;2;12;0;2023;5;6;4;3;5;3;0;1;1;1;0;0;0;0;454640.3696;5432303.6471;8.37932298600003;49.041940309;1
85911;8,23E+018;8;2;12;0;2023;5;6;4;3;2;6;0;0;1;0;0;0;0;1;455712.0138;5428161.3336;8.39443819700006;49.004757813;1
205221;8,23E+018;8;2;12;0;2023;5;7;4;3;5;3;0;0;1;1;0;0;0;0;463905.1907;5428128.5008;8.50646382800005;49.0049960220001;1
265677;8,23E+018;8;2;12;0;2023;5;7;4;3;4;6;0;0;1;0;0;0;0;0;456471.180830623;5429178.53094594;8.40470883200004;49.01396163;2
205480;8,23E+018;8;2;12;0;2023;5;8;4;3;6;7;0;0;1;0;1;0;0;0;455761.4717;5428733.2123;8.39505209500004;49.0099054680001;1
206999;8,23E+018;8;2;12;0;2023;5;9;4;3;6;7;0;0;1;0;1;0;0;0;460752.3905;5427654.8671;8.46340223300007;49.0005431440001;1
86757;8,23E+018;8;2;12;0;2023;5;10;4;3;1;5;0;0;1;1;0;0;0;0;455178.7033;5428428.1761;8.38711707400006;49.007119586;1
206186;8,23E+018;8;2;12;0;2023;5;13;4;3;3;6;0;0;1;0;0;0;0;0;455652.0808;5428491.1745;8.39358273700003;49.0077204620001;1
205218;8,23E+018;8;2;12;0;2023;5;14;4;3;5;3;0;0;1;1;0;0;0;0;458947.6097;5431541.6468;8.43833502700005;49.0353879450001;1
86516;8,23E+018;8;2;12;0;2023;5;15;4;3;6;7;0;0;1;0;1;0;0;0;453994.4657;5426665.2728;8.37112458600006;48.9911749930001;1
88727;8,23E+018;8;2;12;0;2023;5;16;4;2;5;3;0;0;1;1;0;0;0;0;458107.2344;5427629.6555;8.42724179200008;49.000142511;1
206998;8,23E+018;8;2;12;0;2023;5;17;4;3;0;7;0;0;1;0;0;0;0;0;455786.3402;5426417.8123;8.39564419000004;48.9890799580001;1
206059;8,23E+018;8;2;12;0;2023;5;18;4;3;5;3;0;0;1;1;0;0;0;0;454605.8327;5428517.9518;8.37927412600004;49.007885253;1
205721;8,23E+018;8;2;12;0;2023;5;18;4;3;6;4;0;0;1;0;1;0;0;0;457245.2508;5428152.7579;8.41540230800007;49.0047887910001;1
206057;8,23E+018;8;2;12;0;2023;5;18;4;3;0;7;0;0;1;0;0;0;0;0;453906.7523;5429465.3327;8.36960782100005;49.0163551750001;1
86450;8,23E+018;8;2;12;0;2023;5;7;5;3;2;2;0;0;1;1;0;0;0;0;455671.9394;5427569.7457;8.39395485500006;48.9994335380001;1
207296;8,23E+018;8;2;12;0;2023;5;8;5;2;3;2;0;0;1;1;0;0;0;0;460848.5155;5425410.6565;8.46493262400003;48.9803620390001;1
206004;8,23E+018;8;2;12;0;2023;5;9;5;3;5;2;0;0;1;0;0;0;0;1;456729.0486;5428852.0219;8.40826999100005;49.0110427820001;1
206001;8,23E+018;8;2;12;0;2023;5;9;5;3;5;3;0;0;1;1;0;0;0;0;459746.6356;5430419.4055;8.44937790700004;49.0253458990001;1
207294;8,23E+018;8;2;12;0;2023;5;10;5;3;5;7;0;0;1;1;0;0;0;0;456728.0171;5427231.471;8.40842857700005;48.9964656430001;1
89139;8,23E+018;8;2;12;0;2023;5;11;5;3;5;3;0;0;1;0;0;0;0;1;453773.1728;5428249.7768;8.36791947700004;49.005411193;1
207293;8,23E+018;8;2;12;0;2023;5;12;5;3;0;7;0;0;1;0;0;0;0;0;452049.66;5427796.718;8.34440818300004;49.0012044200001;1
205441;8,23E+018;8;2;12;0;2023;5;13;5;3;5;3;0;0;1;0;0;0;0;0;457160.1059;5427840.2776;8.41427112700006;49.0019720820001;1
265766;8,23E+018;8;2;12;0;2023;5;15;5;2;6;3;0;0;1;0;1;0;0;0;453901.328046056;5431664.86768907;8.36928363000004;49.0361396530001;2
205439;8,23E+018;8;2;12;0;2023;5;17;5;3;0;7;0;0;1;0;0;0;0;0;460709.6662;5427649.2164;8.46281867500005;49.0004895970001;1
89141;8,23E+018;8;2;12;0;2023;5;18;5;2;5;2;0;0;1;1;0;0;0;0;455716.7884;5431314.2381;8.39415935400007;49.0331187950001;1
265738;8,23E+018;8;2;12;0;2023;5;19;5;2;0;1;0;0;1;0;0;0;0;0;463632.498180563;5426098.58148896;8.50291708200007;48.986720313;2
206002;8,23E+018;8;2;12;0;2023;5;19;5;3;4;6;0;0;1;0;0;0;0;0;456417.4697;5428757.2298;8.40401956900007;49.0101681880001;1
205937;8,23E+018;8;2;12;0;2023;5;8;6;3;5;3;0;0;1;1;0;0;0;0;457845.326;5428686.841;8.42355141200005;49.0096342260001;1
205632;8,23E+018;8;2;12;0;2023;5;8;6;3;5;7;0;0;1;1;0;0;0;0;454067.046;5429843.4167;8.37175713100004;49.019768013;1
265717;8,23E+018;8;2;12;0;2023;5;11;6;3;2;2;0;0;1;0;0;0;0;0;455844.929406651;5424721.44662863;8.39662923100008;48.9738250930001;2
207236;8,23E+018;8;2;12;0;2023;5;12;6;3;0;7;0;0;1;0;0;0;0;0;457338.352;5429329.1135;8.41655160600004;49.0153767090001;1
86099;8,23E+018;8;2;12;0;2023;5;19;6;3;5;3;0;0;1;1;0;0;0;0;459099.032;5428748.1086;8.44068830600003;49.01026971;1
265694;8,23E+018;8;2;12;0;2023;5;10;7;3;5;3;0;0;1;0;0;0;0;1;454750.14313368;5426824.09674616;8.38143604100003;48.99265947;2
205379;8,23E+018;8;2;12;0;2023;5;11;7;2;5;3;0;0;1;1;0;0;0;0;455356.1808;5428469.5976;8.38953918800007;49.0075050410001;1
205679;8,23E+018;8;2;12;0;2023;5;14;7;3;0;7;0;0;1;0;0;0;0;0;459580.2005;5431849.486;8.44695879700004;49.038198799;1
207171;8,23E+018;8;2;12;0;2023;5;15;7;3;0;5;0;0;1;1;0;0;0;0;458179.8254;5429080.2031;8.42808479100006;49.0131953370001;1
205876;8,23E+018;8;2;12;0;2023;5;16;7;2;0;7;0;0;1;0;0;0;0;0;452837.1883;5428710.6062;8.35506864000007;49.0094855530001;1
265693;8,23E+018;8;2;12;0;2023;5;21;7;2;0;7;2;0;1;0;0;0;0;0;456486.115776022;5429622.28828057;8.40486548300004;49.017954328;2
265844;8,23E+018;8;2;12;0;2023;6;1;1;3;0;7;2;0;1;0;0;0;0;0;456337.1561042;5429065.01911779;8.40288825400006;49.0129311090001;2
208239;8,23E+018;8;2;12;0;2023;6;2;1;3;0;7;2;0;1;0;0;0;0;0;461467.8633;5427491.6095;8.47319930900005;48.99911968;1
208237;8,23E+018;8;2;12;0;2023;6;7;1;3;7;7;0;0;1;0;0;0;0;1;457360.61;5425585.542;8.41724897600005;48.9817042510001;1
207877;8,23E+018;8;2;12;0;2023;6;10;1;3;5;3;0;0;1;0;0;0;0;0;455948.8068;5427807.9877;8.39771407600006;49.0015963720001;1
207874;8,23E+018;8;2;12;0;2023;6;12;1;2;0;7;0;0;1;0;0;0;0;0;462758.501;5428458;8.49075517800003;49.007891822;1
208238;8,23E+018;8;2;12;0;2023;6;14;1;3;6;4;0;0;1;0;1;0;0;0;455590.9253;5427793.4805;8.39282284700005;49.001440234;1
266022;8,23E+018;8;2;12;0;2023;6;14;1;3;2;6;0;0;1;0;0;0;0;0;452762.343657826;5428482.83216347;8.35407174400007;49.0074309940001;2
265843;8,23E+018;8;2;12;0;2023;6;17;1;3;9;6;0;0;1;0;0;0;0;0;454790.975391848;5426828.18046616;8.38199372900004;48.992699196;2
206808;8,23E+018;8;2;12;0;2023;6;19;1;2;6;4;0;0;1;0;1;0;0;0;458586.3264;5428270.6959;8.43372622900006;49.0059411070001;1
90606;8,23E+018;8;2;12;0;2023;6;7;2;2;2;6;0;0;1;0;0;0;0;0;455814.5766;5430985.4931;8.39553294800004;49.030168728;1
207833;8,23E+018;8;2;12;0;2023;6;8;2;3;6;3;0;0;1;0;1;0;0;0;459916.6501;5430431.0409;8.45170225800007;49.0254616350001;1
90604;8,23E+018;8;2;12;0;2023;6;11;2;2;0;1;0;0;1;0;0;0;0;0;460823.3121;5423607.4076;8.46476186700005;48.9641397360001;1
206465;8,23E+018;8;2;12;0;2023;6;13;2;3;5;3;0;0;1;1;0;0;0;0;457878.7343;5427936.3083;8.42408609600005;49.0028853520001;1
206470;8,23E+018;8;2;12;0;2023;6;14;2;3;5;3;0;0;1;1;0;0;0;0;455481.4928;5428225.1283;8.39127941200007;49.0053150680001;1
89129;8,23E+018;8;2;12;0;2023;6;16;2;2;5;3;0;0;1;1;0;0;0;0;458378.8652;5433018.2283;8.43040239000004;49.0486318180001;1
206760;8,23E+018;8;2;12;0;2023;6;17;2;3;5;3;0;0;1;1;0;0;0;0;460740.977;5427735.222;8.46323842600003;49.0012652290001;1
265861;8,23E+018;8;2;12;0;2023;6;17;2;3;5;3;0;0;1;0;0;0;0;0;460716.417638662;5426017.17261954;8.46306877000006;48.9858094150001;2
208194;8,23E+018;8;2;12;0;2023;6;18;2;3;1;5;0;0;1;1;0;0;0;0;459041.6295;5429690.5115;8.43980826700005;49.0187429700001;1
206466;8,23E+018;8;2;12;0;2023;6;19;2;3;5;3;0;0;1;1;0;0;0;0;460193.8727;5430706.1896;8.45546718300005;49.0279545990001;1
208193;8,23E+018;8;2;12;0;2023;6;20;2;3;0;1;0;0;1;0;0;0;0;0;456312.2845;5429606.4693;8.40248985100004;49.0177997480001;1
207834;8,23E+018;8;2;12;0;2023;6;20;2;3;5;3;1;0;1;0;0;0;0;0;458496.7881;5429881.125;8.43233729800005;49.0204211500001;1
208140;8,23E+018;8;2;12;0;2023;6;5;3;3;0;1;0;1;1;0;0;0;0;0;455824.1288;5428739.359;8.39590819200004;49.0099652470001;1
265989;8,23E+018;8;2;12;0;2023;6;6;3;3;0;1;0;1;1;0;0;0;0;0;456083.334621081;5425264.82449585;8.39982812800002;48.978729856;2
207780;8,23E+018;8;2;12;0;2023;6;6;3;3;5;3;0;0;1;1;0;0;0;0;456945.9368;5430155.3559;8.41109748300005;49.0227815920001;1
206943;8,23E+018;8;2;12;0;2023;6;7;3;3;5;2;0;0;1;1;0;0;0;0;456006.2841;5428252.962;8.39845167500005;49.005603067;1
265988;8,23E+018;8;2;12;0;2023;6;8;3;3;5;3;0;1;1;0;0;0;0;0;457396.935621699;5429471.52520668;8.41733781100004;49.0166617690001;2
208141;8,23E+018;8;2;12;0;2023;6;8;3;3;1;7;0;0;1;1;0;0;0;0;455122.4012;5427695.4978;8.38642822300005;49.000524984;1
88398;8,23E+018;8;2;12;0;2023;6;9;3;3;5;2;0;0;1;1;0;0;0;0;455662.849;5427452.453;8.39384338400004;48.998377824;1
206719;8,23E+018;8;2;12;0;2023;6;12;3;3;5;2;0;0;1;1;0;0;0;0;455178.306;5431081.2228;8.38681855200002;49.0309839010001;1
90531;8,23E+018;8;2;12;0;2023;6;16;3;3;5;3;0;0;1;1;0;0;0;0;455673.2597;5427586.6882;8.39397105600006;48.9995860320001;1
206411;8,23E+018;8;2;12;0;2023;6;16;3;3;5;3;0;0;1;1;0;0;0;0;454952.3843;5429348.0183;8.38392050600004;49.0153771600001;1
208139;8,23E+018;8;2;12;0;2023;6;16;3;3;5;3;0;0;1;1;0;0;0;0;453353.1539;5426061.023;8.36242805400008;48.985691606;1
88395;8,23E+018;8;2;12;0;2023;6;18;3;3;5;3;0;0;1;1;0;0;0;0;458097.4511;5427619.6187;8.42710907700007;49.000051564;1
206718;8,23E+018;8;2;12;0;2023;6;18;3;3;1;5;0;0;1;1;0;0;0;0;455469.2185;5428766.814;8.39105217400004;49.0101866970001;1
208138;8,23E+018;8;2;12;0;2023;6;18;3;3;0;7;0;0;1;0;0;0;0;0;458383.064;5431439.296;8.43062200800006;49.034429437;1
207778;8,23E+018;8;2;12;0;2023;6;19;3;3;0;1;0;0;1;0;0;0;0;0;458601.0095;5428456.4428;8.43390804900002;49.0076129170001;1
206412;8,23E+018;8;2;12;0;2023;6;22;3;3;6;6;2;0;1;0;1;0;0;0;460181.576;5426197.2241;8.45574121500005;48.9873947680001;1
208228;8,23E+018;8;2;12;0;2023;6;22;3;3;0;7;2;0;1;0;0;0;0;0;460576.8008;5432346.6892;8.46054570400003;49.0427357570001;1
90030;8,23E+018;8;2;12;0;2023;6;6;4;3;0;3;0;0;1;0;0;0;0;1;460519.1784;5430993.3686;8.45988907300006;49.0305587350001;1
265939;8,23E+018;8;2;12;0;2023;6;7;4;2;3;6;0;0;1;0;0;0;0;0;459758.033547483;5425366.22877456;8.45003455700004;48.9798923230001;2
207719;8,23E+018;8;2;12;0;2023;6;12;4;3;5;3;0;0;1;1;0;0;0;0;453111.5561;5431178.2999;8.35853504900007;49.031703416;1
206351;8,23E+018;8;2;12;0;2023;6;13;4;3;3;5;0;0;1;1;0;0;0;0;454081.3677;5429864.4867;8.37195061800003;49.0199586050001;1
90027;8,23E+018;8;2;12;0;2023;6;13;4;3;0;7;0;0;1;0;0;0;0;0;455811.3917;5427010.3713;8.39592215900007;48.994411896;1
208104;8,23E+018;8;2;12;0;2023;6;15;4;3;5;2;0;0;1;0;0;1;0;0;456730.0183;5428856.778;8.40828274400008;49.0110856320001;1
207725;8,23E+018;8;2;12;0;2023;6;17;4;2;5;2;0;0;1;1;0;0;0;0;455019.9508;5428497.1368;8.38493879500004;49.0077283430001;1
208099;8,23E+018;8;2;12;0;2023;6;17;4;3;5;2;0;0;1;1;0;0;0;0;455019.9264;5428496.7865;8.38493850000003;49.00772519;1
207718;8,23E+018;8;2;12;0;2023;6;17;4;3;5;3;0;0;1;0;0;0;0;1;454602.8864;5428863.4155;8.37919520600008;49.010992507;1
208103;8,23E+018;8;2;12;0;2023;6;17;4;3;5;3;0;0;1;0;0;0;0;0;455619.8304;5433421.8891;8.39260210100002;49.0520702370001;1
208101;8,23E+018;8;2;12;0;2023;6;18;4;3;5;3;0;0;1;1;0;0;0;0;455594.0956;5429244.1446;8.39270751400005;49.0144893280001;1
207721;8,23E+018;8;2;12;0;2023;6;19;4;3;1;5;0;0;1;0;0;0;0;1;457874.9589;5428905.3645;8.42393393100002;49.0116019000001;1
207724;8,23E+018;8;2;12;0;2023;6;19;4;3;0;7;0;0;1;0;0;0;0;0;454244.0802;5429335.799;8.37423558700004;49.0152151230001;1
265994;8,23E+018;8;2;12;0;2023;6;21;4;3;6;6;1;0;1;0;1;0;0;0;454913.036546773;5426778.87463884;8.38366767100007;48.9922646090001;2
208098;8,23E+018;8;2;12;0;2023;6;23;4;3;0;1;2;0;1;0;0;0;0;0;454318.688;5428563.6977;8.37534276700006;49.008275552;1
206632;8,23E+018;8;2;12;0;2023;6;0;5;2;1;5;2;0;1;1;0;0;0;0;457395.0482;5428533.6314;8.41741045100002;49.0082251600001;1
90844;8,23E+018;8;2;12;0;2023;6;5;5;3;5;3;0;0;1;1;0;0;0;0;460859.5858;5425415.9302;8.46508340300005;48.980410179;1
208031;8,23E+018;8;2;12;0;2023;6;7;5;3;1;5;0;0;1;1;0;0;0;0;452933.597;5428888.4025;8.35636628500004;49.011092198;1
207657;8,23E+018;8;2;12;0;2023;6;8;5;3;0;1;0;0;1;0;0;0;0;0;458028.3488;5428993.0836;8.42602237900007;49.0124013990001;1
206287;8,23E+018;8;2;12;0;2023;6;8;5;3;5;3;0;0;1;1;0;0;0;0;463292.4756;5428060.1395;8.49809248700007;49.0043449560001;1
88674;8,23E+018;8;2;12;0;2023;6;9;5;3;0;7;0;0;1;0;0;0;0;0;455635.3149;5427032.3737;8.39351285000004;48.9945971830001;1
90845;8,23E+018;8;2;12;0;2023;6;12;5;3;5;2;0;0;1;0;0;0;1;0;458879.5286;5428185.1109;8.43774382200007;49.0051908610001;1
207656;8,23E+018;8;2;12;0;2023;6;13;5;3;0;1;0;0;1;0;0;0;0;0;455461.75;5428767.36;8.39094999000002;49.010191069;1
266002;8,23E+018;8;2;12;0;2023;6;13;5;3;5;3;0;0;1;0;0;0;0;0;455812.01488322;5429240.95014803;8.39568793900003;49.0144762400001;2
208026;8,23E+018;8;2;12;0;2023;6;14;5;3;0;7;0;0;1;0;0;0;0;0;454792.232;5428263.037;8.38185120300005;49.0056059570001;1
206938;8,23E+018;8;2;12;0;2023;6;15;5;3;5;3;0;0;1;0;0;0;0;0;460296.2541;5426455.541;8.45728338500004;48.989725772;1
208028;8,23E+018;8;2;12;0;2023;6;17;5;2;2;7;0;0;1;1;0;0;0;0;455238.6105;5425611.903;8.38824647200005;48.981791243;1
207659;8,23E+018;8;2;12;0;2023;6;18;5;2;4;6;0;0;1;0;0;0;0;0;457098.0651;5428636.2903;8.41333881200006;49.009128016;1
206754;8,23E+018;8;2;12;0;2023;6;18;5;3;5;3;0;0;1;1;0;0;0;0;455594.506;5429252.8966;8.39271216900005;49.014568083;1
207658;8,23E+018;8;2;12;0;2023;6;20;5;3;1;5;0;0;1;1;0;0;0;0;456509.8361;5425211.1252;8.40566217600002;48.978276995;1
208027;8,23E+018;8;2;12;0;2023;6;23;5;3;0;1;2;1;1;0;0;0;0;0;455842.2899;5428654.6968;8.39616573500007;49.0092050010001;1
207879;8,23E+018;8;2;12;0;2023;6;23;5;3;0;7;2;0;1;0;0;0;0;0;456864.868;5428693.841;8.41014402600007;49.0096294350001;1
207600;8,23E+018;8;2;12;0;2023;6;7;6;3;0;6;0;0;1;0;0;0;0;1;454891.0973;5428130.1334;8.38321772200004;49.004417711;1
207598;8,23E+018;8;2;12;0;2023;6;8;6;3;5;3;0;0;1;1;0;0;0;0;458410.246;5431465.784;8.43099115900003;49.034669534;1
208329;8,23E+018;8;2;12;0;2023;6;9;6;2;5;2;0;0;1;0;0;0;0;0;457209.5126;5428833.1066;8.41484196600004;49.0109061420001;1
88244;8,23E+018;8;2;12;0;2023;6;14;6;3;5;3;0;0;1;1;0;0;0;0;456439.9161;5424563.1486;8.40477610300007;48.97244341;1
207977;8,23E+018;8;2;12;0;2023;6;14;6;3;5;3;0;0;1;1;0;0;0;0;455197.7964;5430971.1517;8.38709733600007;49.0299952220001;1
206597;8,23E+018;8;2;12;0;2023;6;15;6;3;5;2;0;0;1;1;0;0;0;0;452994.6097;5427970.9627;8.35730679900007;49.002844442;1
266053;8,23E+018;8;2;12;0;2023;6;15;6;3;4;6;0;1;1;0;0;0;0;0;456829.047839926;5428587.53889607;8.40966553100003;49.0086707290001;2
206849;8,23E+018;8;2;12;0;2023;6;11;7;3;6;7;0;0;1;0;1;0;1;0;456424.9339;5428401.0058;8.40415987100005;49.0069644390001;1
88558;8,23E+018;8;2;12;0;2023;6;14;7;3;5;3;0;0;1;0;0;0;0;1;455684.0286;5427719.6318;8.39410377300004;49.000782648;1
206847;8,23E+018;8;2;12;0;2023;6;16;7;3;5;2;0;0;1;1;0;0;0;0;456868.4259;5428116.4162;8.41025402000003;49.004435673;1
207923;8,23E+018;8;2;12;0;2023;6;16;7;3;5;3;0;0;1;0;0;0;0;0;459812.2344;5430325.0151;8.45028453600003;49.0245011200001;1
88559;8,23E+018;8;2;12;0;2023;6;18;7;3;5;3;0;0;1;1;0;0;0;0;453319.5197;5427158.8481;8.36184225900007;48.9955640810001;1
90713;8,23E+018;8;2;12;0;2023;6;18;7;3;5;7;0;0;1;1;0;0;0;0;459008.9095;5428312.9929;8.43949989700008;49.0063497890001;1
207926;8,23E+018;8;2;12;0;2023;6;22;7;2;0;7;2;0;1;0;0;0;0;0;452010.6122;5427147.9899;8.34395099000005;48.9953660580001;1
207523;8,23E+018;8;2;12;0;2023;7;10;1;3;1;7;0;0;1;1;0;0;0;0;455327.3392;5427480.0468;8.38925368900004;48.9986018450001;1
208837;8,23E+018;8;2;12;0;2023;7;11;1;3;1;5;0;0;1;1;0;0;0;0;458261.0309;5429227.7309;8.42918009300007;49.0145278700001;1
210358;8,23E+018;8;2;12;0;2023;7;19;1;3;0;1;0;0;1;0;0;0;0;0;455774.5747;5428743.0867;8.39523018800003;49.009995228;1
208836;8,23E+018;8;2;12;0;2023;7;20;1;2;5;3;0;0;1;0;0;0;0;1;460436.4162;5427756.3047;8.45907251500006;49.0014354260001;1
207479;8,23E+018;8;2;12;0;2023;7;7;2;3;5;2;0;0;1;1;0;0;0;0;452025.2417;5431669.1372;8.34361647200007;49.0360349210001;1
207481;8,23E+018;8;2;12;0;2023;7;7;2;3;5;3;0;0;1;1;0;0;0;0;453875.4978;5429207.6673;8.36920968400005;49.0140351270001;1
208792;8,23E+018;8;2;12;0;2023;7;8;2;3;5;3;0;0;1;1;0;0;0;0;455186.4902;5427760.8918;8.38729718700006;49.0011178660001;1
208463;8,23E+018;8;2;12;0;2023;7;9;2;3;5;3;0;1;1;1;0;0;0;0;456695.7311;5428098.2997;8.40789479600005;49.0042606200001;1
209175;8,23E+018;8;2;12;0;2023;7;9;2;3;0;6;0;0;1;0;0;0;0;0;456461.9556;5424833.6927;8.40504828400003;48.974878554;1
266074;8,23E+018;8;2;12;0;2023;7;13;2;3;5;3;0;0;1;0;0;0;0;1;454458.85753746;5429100.16942106;8.37719917100003;49.013111511;2
266125;8,23E+018;8;2;12;0;2023;7;13;2;3;4;6;0;0;1;0;0;0;0;0;462700.867006426;5428246.88329225;8.48998651200003;49.0059892940001;2
208464;8,23E+018;8;2;12;0;2023;7;13;2;3;1;7;0;0;1;1;0;0;0;0;453668.5856;5428613.8559;8.36644795200004;49.008678262;1
266073;8,23E+018;8;2;12;0;2023;7;16;2;3;5;2;0;0;1;0;0;0;0;0;456135.263065822;5429172.17671516;8.40011584000007;49.013880682;2
208793;8,23E+018;8;2;12;0;2023;7;17;2;3;5;3;0;0;1;1;0;0;0;0;455947.4932;5425891.9966;8.39790385000003;48.9843616900001;1
208336;8,23E+018;8;2;12;0;2023;7;18;2;3;0;1;0;0;1;0;0;0;0;0;456218.7674;5428066.7299;8.40137698100006;49.0039429970001;1
207480;8,23E+018;8;2;12;0;2023;7;18;2;3;1;6;0;0;1;1;0;0;0;0;455286.3905;5426737.8963;8.38877557100005;48.9919231540001;1
208462;8,23E+018;8;2;12;0;2023;7;19;2;3;1;5;0;0;1;1;0;0;0;0;455477.2321;5428412.4988;8.39120061000006;49.0070001760001;1
208797;8,23E+018;8;2;12;0;2023;7;21;2;2;0;7;2;0;1;0;0;0;0;0;454269.7586;5428816.8502;8.37464521800007;49.0105490510001;1
208798;8,23E+018;8;2;12;0;2023;7;21;2;3;0;1;0;0;1;0;0;0;0;0;456052.6828;5428838.0924;8.39902272900002;49.0108696830001;1
208735;8,23E+018;8;2;12;0;2023;7;7;3;3;5;3;0;0;1;1;0;0;0;0;455597.3359;5423363.6045;8.39339429200004;48.961593339;1
209122;8,23E+018;8;2;12;0;2023;7;7;3;3;0;3;0;0;1;1;0;0;0;0;455356.373;5431631.745;8.38919382100005;49.0359487950001;1
209118;8,23E+018;8;2;12;0;2023;7;7;3;3;0;6;0;0;1;0;0;0;0;1;461126.6862;5424273.6815;8.46884277100003;48.9701522120001;1
207423;8,23E+018;8;2;12;0;2023;7;9;3;3;1;5;0;0;1;1;0;0;0;0;454755.2253;5428815.6275;8.38128363800007;49.0105738400001;1
209120;8,23E+018;8;2;12;0;2023;7;11;3;2;5;3;0;0;1;0;0;0;0;1;453574.2608;5428918.2543;8.36512339000007;49.011409251;1
266184;8,23E+018;8;2;12;0;2023;7;11;3;3;6;3;0;0;1;0;1;0;0;0;453544.306998425;5428716.12400368;8.36473692800007;49.009588825;2
208427;8,23E+018;8;2;12;0;2023;7;12;3;3;5;3;0;1;1;1;0;0;0;0;457896.0044;5428022.032;8.42431332500007;49.003657628;1
92444;8,23E+018;8;2;12;0;2023;7;17;3;3;5;2;0;1;1;1;0;0;0;0;455168.7504;5428312.4669;8.38699376300002;49.0060780480001;1
92985;8,23E+018;8;2;12;0;2023;7;17;3;3;5;3;0;0;1;1;0;0;0;0;461879.9705;5429910.9466;8.47860608200006;49.0209077550001;1
208734;8,23E+018;8;2;12;0;2023;7;17;3;3;5;3;0;0;1;1;0;0;0;0;455470.8901;5428147.2905;8.39114298100003;49.0046141440001;1
208426;8,23E+018;8;2;12;0;2023;7;18;3;3;0;1;0;1;1;0;0;0;0;0;455666.4336;5426820.17;8.39396138800004;48.9926906200001;1
208733;8,23E+018;8;2;12;0;2023;7;18;3;3;1;5;0;0;1;1;0;0;0;0;456716.6863;5428363.31;8.40815305300004;49.0066458920001;1
208389;8,23E+018;8;2;12;0;2023;7;7;4;3;5;2;0;0;1;1;0;0;0;0;454092.5249;5429880.9013;8.37210135300006;49.0201070860001;1
208685;8,23E+018;8;2;12;0;2023;7;8;4;3;5;2;0;0;1;1;0;0;0;0;453864.521;5429550.052;8.36902065100003;49.017114072;1
207380;8,23E+018;8;2;12;0;2023;7;9;4;3;5;2;0;0;1;1;0;0;0;0;455003.5768;5429277.8695;8.38462836000002;49.0147499020001;1
208388;8,23E+018;8;2;12;0;2023;7;9;4;3;5;2;0;0;1;1;0;0;0;0;457030.8396;5428297.7389;8.41245542100006;49.006078024;1
209070;8,23E+018;8;2;12;0;2023;7;9;4;3;5;3;0;0;1;1;0;0;0;0;459678.8958;5426784.8816;8.44881234600007;48.992648258;1
93325;8,23E+018;8;2;12;0;2023;7;12;4;3;5;2;0;0;1;1;0;0;0;0;461708.8026;5427244.9069;8.47651647600003;48.996915523;1
93327;8,23E+018;8;2;12;0;2023;7;13;4;3;5;3;0;0;1;1;0;0;0;0;455226.922;5429040.611;8.38770882300003;49.012631991;1
92382;8,23E+018;8;2;12;0;2023;7;13;4;3;0;7;0;0;1;0;0;0;0;0;455989.2542;5429353.9049;8.39809946200006;49.0155049470001;1
266137;8,23E+018;8;2;12;0;2023;7;17;4;3;1;5;0;0;1;1;0;0;0;0;460778.996912731;5426345.56571685;8.46389238000006;48.988767367;2
209071;8,23E+018;8;2;12;0;2023;7;18;4;2;5;3;0;0;1;1;0;0;0;0;453386.4609;5427650.3948;8.36270093000007;48.9999906320001;1
208387;8,23E+018;8;2;12;0;2023;7;18;4;3;1;5;0;0;1;1;0;0;0;0;461744.8405;5427980.8866;8.47693981100002;49.003538072;1
93331;8,23E+018;8;2;12;0;2023;7;18;4;3;0;6;0;0;1;0;0;0;0;1;455708.3459;5427889.192;8.39441773100003;49.002309606;1
208386;8,23E+018;8;2;12;0;2023;7;18;4;3;0;7;0;0;1;0;0;0;0;0;453154.3864;5430186.3254;8.35923554300007;49.0227838500001;1
208683;8,23E+018;8;2;12;0;2023;7;19;4;3;5;3;0;0;1;1;0;0;0;0;454019.118;5428446.844;8.37125986700005;49.007202197;1
207377;8,23E+018;8;2;12;0;2023;7;19;4;3;0;7;0;0;1;0;0;0;0;0;460913.3278;5427572.9516;8.46561036900005;48.999816508;1
92380;8,23E+018;8;2;12;0;2023;7;23;4;3;0;7;2;0;1;0;0;0;0;0;455806.1193;5431066.4044;8.39540843800006;49.0308959240001;1
92754;8,23E+018;8;2;12;0;2023;7;10;5;3;5;2;0;0;1;1;0;0;0;0;458933.3482;5428153.9032;8.43848283700004;49.0049137250001;1
208633;8,23E+018;8;2;12;0;2023;7;10;5;3;6;6;0;0;1;0;1;0;0;0;455288.6778;5427068.3784;8.38877046800008;48.994896044;1
93250;8,23E+018;8;2;12;0;2023;7;14;5;3;3;6;0;0;1;0;0;0;0;0;460129.156;5427816.874;8.45486579600004;49.0019604890001;1
208790;8,23E+018;8;2;12;0;2023;7;15;5;3;0;7;0;0;1;0;0;0;0;0;456349.7571;5427986.1621;8.40317656800005;49.0032275570001;1
266143;8,23E+018;8;2;12;0;2023;7;16;5;2;5;3;0;0;1;0;0;0;0;0;456541.090432713;5430356.79075437;8.40553863700006;49.024565125;2
208347;8,23E+018;8;2;12;0;2023;7;17;5;2;5;3;0;0;1;1;0;0;0;0;455198.9785;5430970.9591;8.38711352700005;49.0299935750001;1
209012;8,23E+018;8;2;12;0;2023;7;17;5;3;5;2;0;0;1;0;0;0;0;0;456219.8028;5425925.6087;8.40162186100002;48.9846833980001;1
209015;8,23E+018;8;2;12;0;2023;7;18;5;3;5;3;0;0;1;1;0;0;0;0;455471.6783;5428144.7784;8.39115403300002;49.004591604;1
208634;8,23E+018;8;2;12;0;2023;7;22;5;3;0;7;2;0;1;0;0;0;0;0;455238.2731;5428772.5746;8.38789360400006;49.0102218050001;1
208583;8,23E+018;8;2;12;0;2023;7;10;6;3;5;2;0;0;1;1;0;0;0;0;453165.6986;5427930.1528;8.35965060900003;49.0024903600001;1
210430;8,23E+018;8;2;12;0;2023;7;10;6;3;6;2;0;0;1;0;1;0;0;0;454284.7308;5428880.4006;8.37484279100005;49.0111218000001;1
210427;8,23E+018;8;2;12;0;2023;7;10;6;3;6;6;0;0;1;0;1;0;0;0;455989.997;5428077.8454;8.39824796700003;49.004026712;1
209321;8,23E+018;8;2;12;0;2023;7;13;6;3;6;6;0;0;1;0;1;0;0;0;460349.7699;5427707.7315;8.45789265400003;49.0009929400001;1
92669;8,23E+018;8;2;12;0;2023;7;16;6;3;0;3;0;0;1;1;0;0;0;0;452171.933;5430556.565;8.34575458300003;49.0260387530001;1
210428;8,23E+018;8;2;12;0;2023;7;17;6;3;0;6;0;0;1;1;0;0;0;0;459189.4761;5429128.4015;8.44188681100007;49.0136964970001;1
208582;8,23E+018;8;2;12;0;2023;7;18;6;3;5;3;0;0;1;1;0;0;0;0;457671.3715;5428520.7679;8.42119009600003;49.0081284670001;1
208938;8,23E+018;8;2;12;0;2023;7;18;6;3;5;7;0;0;1;1;0;0;0;0;460831.1461;5427459.6168;8.46449776800006;48.9987918270001;1
93173;8,23E+018;8;2;12;0;2023;7;22;6;3;0;2;2;0;1;0;0;0;0;1;452983.7415;5428943.3278;8.35704560500005;49.0115900750001;1
89460;8,23E+018;8;2;12;0;2023;7;1;7;2;9;1;2;0;1;0;0;0;0;0;459338.5295;5428049.749;8.44403316300003;49.0040036670001;1
208877;8,23E+018;8;2;12;0;2023;7;11;7;3;0;7;0;0;1;0;0;0;0;0;461136.9872;5427514.8695;8.46867364000008;48.999308167;1
208876;8,23E+018;8;2;12;0;2023;7;12;7;2;2;2;0;0;1;1;0;0;0;0;454272.7324;5426709.3128;8.37492317600004;48.9915918070001;1
209271;8,23E+018;8;2;12;0;2023;7;14;7;3;0;1;0;0;1;0;0;0;0;0;455801.9683;5428741.026;8.39560499000004;49.0099786550001;1
266220;8,23E+018;8;2;12;0;2023;7;18;7;2;8;1;0;0;1;0;0;0;0;0;461618.61964497;5428415.78229223;8.47517296600006;49.0074422220001;2
208875;8,23E+018;8;2;12;0;2023;7;19;7;3;8;7;0;0;1;0;0;0;0;0;455088.4405;5427093.8997;8.38603045200006;48.9951110770001;1
210397;8,23E+018;8;2;12;0;2023;7;19;7;3;0;7;0;0;1;0;1;0;0;0;458393.8342;5429811.4668;8.43093635600008;49.0197876290001;1
208878;8,23E+018;8;2;12;0;2023;7;21;7;3;0;7;1;0;1;0;0;0;0;0;453998.186;5427040.0006;8.37113301200003;48.9945459790001;1
210399;8,23E+018;8;2;12;0;2023;7;21;7;3;0;7;2;0;1;0;0;1;0;0;455281.1969;5428751.3396;8.38848288100007;49.0100339060001;1
91274;8,23E+018;8;2;12;0;2023;8;11;1;3;0;1;0;0;1;0;0;0;0;0;463553.701;5422125.6545;8.50219600000003;48.950977897;1
209835;8,23E+018;8;2;12;0;2023;8;3;2;3;1;5;2;0;1;0;0;0;0;1;459329.3022;5427244.201;8.44398767000007;48.9967570000001;1
209651;8,23E+018;8;2;12;0;2023;8;5;2;2;0;6;0;0;1;0;0;0;0;0;449695.2875;5429603.4668;8.31199696000005;49.0172686590001;1
209869;8,23E+018;8;2;12;0;2023;8;8;2;3;0;7;0;0;1;0;0;0;0;0;455475.9045;5428211.0946;8.39120454400006;49.00518843;1
209870;8,23E+018;8;2;12;0;2023;8;11;2;3;5;2;0;0;1;1;0;0;0;0;460925.521;5427568.156;8.46577752700006;48.999774142;1
209469;8,23E+018;8;2;12;0;2023;8;13;2;3;6;6;0;0;1;0;1;0;0;0;456204.1813;5428709.303;8.40110824000004;49.0097219800001;1
91233;8,23E+018;8;2;12;0;2023;8;15;2;3;0;7;0;0;1;0;0;0;0;0;457855.6032;5428003.6264;8.42376286100006;49.0034893100001;1
266334;8,23E+018;8;2;12;0;2023;8;17;2;2;5;3;0;0;1;0;0;0;0;0;456531.366560894;5429056.27972283;8.40554496700003;49.01286621;2
266372;8,23E+018;8;2;12;0;2023;8;18;2;3;8;1;0;0;1;0;0;0;0;0;461742.569556649;5430089.09236399;8.47671003700003;49.0225017070001;2
92718;8,23E+018;8;2;12;0;2023;8;20;2;3;0;7;0;0;1;0;0;0;0;0;455641.9447;5434332.7442;8.39280495700007;49.060264992;1
209456;8,23E+018;8;2;12;0;2023;8;6;3;3;5;3;0;0;1;1;0;0;0;0;455255.9418;5433762.7187;8.38758447000004;49.0551096880001;1
266406;8,23E+018;8;2;12;0;2023;8;7;3;3;0;7;0;0;1;0;0;0;0;1;459293.265097851;5426802.50088891;8.44353928500004;48.9927814440001;2
209629;8,23E+018;8;2;12;0;2023;8;8;3;2;5;2;0;0;1;1;0;0;0;0;455092.6623;5429276.2919;8.38584679600007;49.014742202;1
210297;8,23E+018;8;2;12;0;2023;8;8;3;3;5;3;0;1;1;1;0;0;0;0;459723.5345;5430443.5432;8.44905952800002;49.0255615140001;1
210296;8,23E+018;8;2;12;0;2023;8;11;3;3;1;5;0;1;1;1;0;0;0;0;455485.4606;5427852.0371;8.39137456100002;49.0019593600001;1
209628;8,23E+018;8;2;12;0;2023;8;12;3;3;5;3;0;0;1;0;0;0;0;0;451166.1283;5431860.881;8.33183993900008;49.037692195;1
210271;8,23E+018;8;2;12;0;2023;8;2;4;3;0;7;2;0;1;0;0;0;0;0;457167.8271;5427722.4615;8.41438911500006;49.0009128450001;1
209433;8,23E+018;8;2;12;0;2023;8;8;4;3;0;7;0;0;1;0;0;0;0;0;455216.273;5428809.3762;8.38758871500005;49.0105512420001;1
209594;8,23E+018;8;2;12;0;2023;8;9;4;3;5;2;0;0;1;0;0;1;0;0;455737.1223;5428293.2784;8.39476710900004;49.0059464710001;1
210270;8,23E+018;8;2;12;0;2023;8;10;4;3;2;2;0;1;1;0;0;0;0;0;456897.7368;5425249.4078;8.41095888600006;48.9786485400001;1
210272;8,23E+018;8;2;12;0;2023;8;10;4;3;5;3;0;1;1;1;0;0;0;0;452297.9654;5429346.1623;8.34762079900003;49.015160941;1
210064;8,23E+018;8;2;12;0;2023;8;18;4;3;5;3;0;1;1;1;0;0;0;0;457082.0425;5427607.4972;8.41322846200006;48.9998727660001;1
210235;8,23E+018;8;2;12;0;2023;8;7;5;3;5;3;0;0;1;1;0;0;0;0;455450.5011;5432862.0021;8.39034633600005;49.0470218180001;1
266413;8,23E+018;8;2;12;0;2023;8;9;5;3;4;6;0;0;1;0;0;0;0;0;455765.4820873;5431530.98697567;8.39480184500008;49.03507196;2
209763;8,23E+018;8;2;12;0;2023;8;11;5;3;4;6;0;0;1;0;0;0;0;1;460768.4275;5426662.1867;8.46371734800005;48.9916147770001;1
210028;8,23E+018;8;2;12;0;2023;8;12;5;3;5;3;0;0;1;1;0;0;0;0;455882.3661;5428891.5665;8.39668798000002;49.0113385350001;1
209394;8,23E+018;8;2;12;0;2023;8;13;5;3;5;3;0;0;1;0;0;0;0;1;458453.2472;5428512.5195;8.43188190500007;49.0081074060001;1
209561;8,23E+018;8;2;12;0;2023;8;15;5;2;5;3;0;1;1;1;0;0;0;0;460787.2242;5427643.4279;8.46387956600006;49.00044246;1
210027;8,23E+018;8;2;12;0;2023;8;17;5;3;5;2;0;0;1;1;0;0;0;0;455396.5492;5427057.6671;8.39024622100004;48.9948074970001;1
209762;8,23E+018;8;2;12;0;2023;8;18;5;3;6;4;0;0;1;0;1;0;0;0;455669.9586;5428751.5299;8.39379875500003;49.010063669;1
210026;8,23E+018;8;2;12;0;2023;8;18;5;3;1;5;0;0;1;1;0;0;0;0;451421.6312;5428184.3612;8.33577580900004;49.004642167;1
266282;8,23E+018;8;2;12;0;2023;8;8;6;3;5;3;0;0;1;1;0;0;0;0;456759.513826151;5430275.07977349;8.40853492900004;49.023845479;2
266356;8,23E+018;8;2;12;0;2023;8;11;6;3;5;3;0;0;1;0;0;1;0;0;451735.643810292;5425904.03845;8.34033997500006;48.9841552360001;2
209964;8,23E+018;8;2;12;0;2023;8;11;6;3;0;7;0;0;1;0;0;0;0;0;455802.2292;5429225.1784;8.39555583600003;49.014333671;1
210195;8,23E+018;8;2;12;0;2023;8;12;6;3;5;2;0;1;1;1;0;0;0;0;455774.011;5427895.819;8.39531477000003;49.0023739260001;1
210192;8,23E+018;8;2;12;0;2023;8;12;6;3;5;3;0;1;1;1;0;0;0;0;461196.4428;5428006.3195;8.46943951000003;49.0037326120001;1
209519;8,23E+018;8;2;12;0;2023;8;15;6;3;0;7;0;0;1;0;0;0;0;0;459674.9729;5426745.7428;8.44876260700005;48.9922959400001;1
209962;8,23E+018;8;2;12;0;2023;8;17;6;3;5;2;0;0;1;1;0;0;0;0;456652.3898;5428243.9386;8.40728667000008;49.005567618;1
210193;8,23E+018;8;2;12;0;2023;8;20;6;3;5;2;1;1;1;1;0;0;0;0;458342.9797;5428342.7815;8.43039158000005;49.006573152;1
209736;8,23E+018;8;2;12;0;2023;8;23;6;3;1;5;2;0;1;1;0;0;0;0;454218.4605;5428728.6759;8.37395371200006;49.009752114;1
209709;8,23E+018;8;2;12;0;2023;8;9;7;2;9;7;0;0;1;0;0;0;0;0;453296.5099;5427294.6801;8.36151210200006;48.996784158;1
209708;8,23E+018;8;2;12;0;2023;8;10;7;3;1;5;0;0;1;1;0;0;0;0;453170.8046;5428922.7497;8.35960592700008;49.0114192;1
210160;8,23E+018;8;2;12;0;2023;8;10;7;3;1;5;0;0;1;1;0;0;0;0;455800.4336;5429502.9849;8.39550102300007;49.0168324370001;1
210159;8,23E+018;8;2;12;0;2023;8;16;7;3;5;3;0;0;1;1;0;0;0;0;455654.5683;5428838.8587;8.39357876900004;49.010848094;1
210158;8,23E+018;8;2;12;0;2023;8;19;7;3;5;3;0;0;1;1;0;0;0;0;458284.2155;5428081.6322;8.42961492500007;49.004220102;1
93445;8,23E+018;8;2;12;0;2023;9;10;1;3;2;6;0;0;1;1;0;0;0;0;458901.9053;5428212.6791;8.43804698100007;49.005440332;1
212500;8,23E+018;8;2;12;0;2023;9;17;1;3;5;3;0;0;1;1;0;0;0;0;456002.5317;5425895.5359;8.39865567300006;48.984397449;1
212501;8,23E+018;8;2;12;0;2023;9;18;1;3;0;4;0;0;1;0;1;0;0;0;453821.0467;5429562.5361;8.36842468500004;49.017223114;1
96350;8,23E+018;8;2;12;0;2023;9;0;2;2;8;1;2;0;1;0;0;0;0;0;461006.382;5425074.311;8.46712227700004;48.977346509;1
211361;8,23E+018;8;2;12;0;2023;9;10;2;2;0;7;0;0;1;0;0;0;0;0;461608.2443;5427513.1229;8.47511644100007;48.9993219450001;1
211360;8,23E+018;8;2;12;0;2023;9;10;2;3;2;6;0;0;1;1;0;0;0;0;456342.6807;5425944.739;8.40329917900004;48.984864176;1
212467;8,23E+018;8;2;12;0;2023;9;12;2;3;5;2;0;0;1;0;0;0;0;1;457430.7664;5428823.1173;8.41786848600003;49.0108315910001;1
94216;8,23E+018;8;2;12;0;2023;9;16;2;3;5;3;0;0;1;1;0;0;0;0;452808.6307;5429306.8262;8.35460883100006;49.0148463840001;1
210994;8,23E+018;8;2;12;0;2023;9;16;2;3;5;3;0;0;1;1;0;0;0;0;454749.2123;5427907.5407;8.38130262500005;49.002405084;1
210684;8,23E+018;8;2;12;0;2023;9;16;2;3;1;5;0;0;1;1;0;0;0;0;457662.0136;5428920.2443;8.42102047600002;49.011721171;1
210685;8,23E+018;8;2;12;0;2023;9;17;2;3;5;3;0;0;1;1;0;0;0;0;454054.319;5428456.71;8.37174005700007;49.0072935640001;1
96354;8,23E+018;8;2;12;0;2023;9;18;2;3;2;2;0;0;1;1;0;0;0;0;461758.621;5427325.5883;8.47718992400007;48.99764436;1
96356;8,23E+018;8;2;12;0;2023;9;20;2;2;5;2;2;1;1;1;0;0;0;0;455370.9609;5429722.2317;8.38960353700003;49.0187736600001;1
266532;8,23E+018;8;2;12;0;2023;9;8;3;3;6;6;0;0;1;0;1;0;0;0;456486.167855937;5429622.81532047;8.40486613900004;49.0179590720001;2
96274;8,23E+018;8;2;12;0;2023;9;11;3;3;5;3;0;0;1;1;0;0;0;0;454116.761;5426571.0956;8.37280683800003;48.99033696;1
95801;8,23E+018;8;2;12;0;2023;9;12;3;3;2;6;0;0;1;1;0;0;0;0;455856.66;5427019.6723;8.39653995000003;48.9944987980001;1
210955;8,23E+018;8;2;12;0;2023;9;13;3;2;0;5;0;0;1;0;0;0;0;0;456880.8353;5427829.9878;8.41045410100003;49.0018600780001;1
266533;8,23E+018;8;2;12;0;2023;9;13;3;2;2;6;0;0;1;0;0;0;0;0;455117.911949044;5426663.31804168;8.38648088400004;48.9912400900001;2
210954;8,23E+018;8;2;12;0;2023;9;14;3;3;0;7;0;0;1;0;0;0;0;0;459960.9875;5424697.3004;8.45287394800005;48.9738883380001;1
210956;8,23E+018;8;2;12;0;2023;9;16;3;2;5;3;0;0;1;1;0;0;0;0;451628.2;5428840.9535;8.33852184700004;49.010564442;1
212405;8,23E+018;8;2;12;0;2023;9;16;3;3;0;1;0;0;1;0;0;0;0;0;451047.9553;5426840.064;8.33082881800004;48.9925206830001;1
210953;8,23E+018;8;2;12;0;2023;9;18;3;3;4;6;0;0;1;0;0;0;0;0;456646.6078;5430287.2635;8.40698932800007;49.0239471470001;1
211265;8,23E+018;8;2;12;0;2023;9;8;4;2;5;3;0;0;1;1;0;0;0;0;460412.0607;5427284.1707;8.45878555100006;48.9971869170001;1
210615;8,23E+018;8;2;12;0;2023;9;8;4;3;5;3;0;0;1;0;0;0;0;1;455366.0733;5428600.7586;8.38966003000007;49.0086855610001;1
210616;8,23E+018;8;2;12;0;2023;9;8;4;3;0;5;0;0;1;1;0;0;0;0;454957.5377;5429053.8113;8.38402363400007;49.012731123;1
96208;8,23E+018;8;2;12;0;2023;9;10;4;3;5;2;0;0;1;1;0;0;0;0;459087.2876;5428755.7352;8.44052694400006;49.010337534;1
212333;8,23E+018;8;2;12;0;2023;9;12;4;2;5;2;0;0;1;0;0;0;0;1;451681.0623;5427367.93;8.33941996100003;48.9973187200001;1
93637;8,23E+018;8;2;12;0;2023;9;15;4;3;5;2;0;0;1;1;0;0;0;0;456377.848;5425945.317;8.40377975100006;48.9848718600001;1
94077;8,23E+018;8;2;12;0;2023;9;19;4;2;0;7;0;0;1;0;0;0;0;0;456586.8416;5425029.5979;8.40673385500003;48.9766495430001;1
94078;8,23E+018;8;2;12;0;2023;9;21;4;3;5;3;2;0;1;1;0;0;0;0;452912.1993;5427354.9604;8.35625151300008;48.99729719;1
210907;8,23E+018;8;2;12;0;2023;9;22;4;2;0;1;2;0;1;0;0;0;0;0;451005.302;5428598.5025;8.33003366500003;49.0083344550001;1
212264;8,23E+018;8;2;12;0;2023;9;7;5;2;2;2;0;0;1;0;0;1;0;0;454903.1147;5428102.7707;8.38338506700006;49.0041724590001;1
93597;8,23E+018;8;2;12;0;2023;9;7;5;3;5;3;0;0;1;0;0;1;0;0;452077.1526;5427783.4974;8.34478560500003;49.001087635;1
210566;8,23E+018;8;2;12;0;2023;9;8;5;3;0;1;0;1;1;0;0;0;0;1;461514.2361;5426018.9217;8.47397276700002;48.98587538;1
93594;8,23E+018;8;2;12;0;2023;9;9;5;3;5;3;0;0;1;0;0;0;1;0;449917.9207;5431851.5441;8.31476399600007;49.0375080700001;1
211210;8,23E+018;8;2;12;0;2023;9;9;5;3;0;3;0;0;1;1;0;0;0;0;457642.452;5428170.3438;8.42083122500003;49.0049743660001;1
211206;8,23E+018;8;2;12;0;2023;9;10;5;3;5;2;0;0;1;1;0;0;0;0;461830.7972;5428132.6817;8.47810077100007;49.0049088260001;1
95663;8,23E+018;8;2;12;0;2023;9;12;5;3;5;3;0;0;1;1;0;0;0;0;452632.7121;5429748.3498;8.35215158100004;49.018804415;1
95665;8,23E+018;8;2;12;0;2023;9;15;5;3;5;2;0;0;1;1;0;0;0;0;455235.007;5429144.411;8.38780793400002;49.013566267;1
212261;8,23E+018;8;2;12;0;2023;9;16;5;3;3;6;0;0;1;0;0;0;0;0;455977.5637;5429212.8899;8.39795488700003;49.0142356700001;1
210567;8,23E+018;8;2;12;0;2023;9;17;5;3;4;6;0;0;1;0;0;0;0;1;454221.8892;5429337.0975;8.37393197200004;49.015225157;1
211233;8,23E+018;8;2;12;0;2023;9;17;5;3;7;7;0;0;1;0;0;0;0;0;452957.2591;5429194.0006;8.35665442300007;49.0138428660001;1
211207;8,23E+018;8;2;12;0;2023;9;19;5;3;1;5;1;0;1;1;0;0;0;0;455739.78;5428388.4566;8.39479307200003;49.0068028000001;1
211456;8,23E+018;8;2;12;0;2023;9;1;6;3;6;7;2;1;1;0;1;0;0;0;455907.4656;5428733.0899;8.39704841200006;49.0099148160001;1
95604;8,23E+018;8;2;12;0;2023;9;6;6;3;5;3;2;0;1;1;0;0;0;0;452881.9581;5429072.6842;8.35563877700002;49.0127458760001;1
93940;8,23E+018;8;2;12;0;2023;9;7;6;3;3;2;0;0;1;0;0;0;0;1;455887.3764;5430219.2696;8.39661215200005;49.0232817020001;1
95603;8,23E+018;8;2;12;0;2023;9;8;6;3;5;3;0;0;1;0;0;0;0;1;457854.5402;5428003.9984;8.42374828800007;49.0034925830001;1
210824;8,23E+018;8;2;12;0;2023;9;8;6;3;5;3;0;0;1;1;0;0;0;0;460119.2084;5427779.8747;8.45473342700007;49.0016270300001;1
210821;8,23E+018;8;2;12;0;2023;9;11;6;3;5;3;0;0;1;1;0;0;0;0;459176.9173;5429150.0548;8.44171289000008;49.0138904420001;1
210820;8,23E+018;8;2;12;0;2023;9;14;6;3;6;7;0;0;1;0;1;0;0;0;456752.8074;5428639.8721;8.40861747600007;49.0091361340001;1
93533;8,23E+018;8;2;12;0;2023;9;16;6;3;5;3;0;0;1;1;0;0;0;0;453013.4973;5430407.8257;8.35728290000003;49.0247655320001;1
210515;8,23E+018;8;2;12;0;2023;9;18;6;3;5;3;1;1;1;0;0;0;0;1;457087.2192;5428632.3406;8.41319092500004;49.0090917330001;1
210513;8,23E+018;8;2;12;0;2023;9;19;6;2;0;1;2;1;1;0;0;0;0;0;459057.045;5428335.7303;8.44015576200007;49.006557511;1
212538;8,23E+018;8;2;12;0;2023;9;7;7;3;5;3;0;0;1;1;0;0;0;0;455735.9294;5430973.7168;8.39445838400008;49.0300571590001;1
210774;8,23E+018;8;2;12;0;2023;9;8;7;3;0;7;0;0;1;1;0;0;0;0;455294.4798;5425639.9726;8.38900690600008;48.982047779;1
211106;8,23E+018;8;2;12;0;2023;9;12;7;3;5;2;0;0;1;1;0;0;0;0;457896.3253;5428041.3465;8.42431571000003;49.0038313870001;1
212152;8,23E+018;8;2;12;0;2023;9;15;7;2;5;3;0;0;1;1;0;0;0;0;455790.8388;5428478.0325;8.39548144600008;49.0076122040001;1
212535;8,23E+018;8;2;12;0;2023;9;16;7;2;6;4;0;0;1;0;1;0;0;0;456164.2146;5428501.1497;8.40058421800006;49.0078467810001;1
212151;8,23E+018;8;2;12;0;2023;9;18;7;3;1;5;0;0;1;1;0;0;0;0;451767.3764;5428082.2386;8.34051507000004;49.0037506900001;1
211107;8,23E+018;8;2;12;0;2023;9;19;7;3;5;2;0;0;1;1;0;0;0;0;456879.4839;5427895.0936;8.41042871200006;49.0024456190001;1
211437;8,23E+018;8;2;12;0;2023;9;21;7;3;3;6;2;0;1;0;0;0;0;0;455776.5392;5428007.8877;8.39533713100008;49.0033821770001;1
95116;8,23E+018;8;2;12;0;2023;10;2;1;3;5;2;2;0;1;1;0;0;0;0;458106.8051;5427630.1393;8.42723587300003;49.000146833;1
213608;8,23E+018;8;2;12;0;2023;10;9;2;3;5;3;0;0;1;1;0;0;0;0;457843.986;5428686.762;8.42353309700008;49.0096334240001;1
95417;8,23E+018;8;2;12;0;2023;10;11;2;3;5;3;0;0;1;1;0;0;0;0;459008.1615;5428312.3947;8.43948973000005;49.006344358;1
98434;8,23E+018;8;2;12;0;2023;10;13;2;2;0;7;0;0;1;0;0;0;0;0;456441.11;5423884.4721;8.40486507900005;48.9663386770001;1
212061;8,23E+018;8;2;12;0;2023;10;15;2;2;5;2;0;0;1;1;0;0;0;0;453050.0729;5428770.8559;8.35797258600007;49.0100437350001;1
98568;8,23E+018;8;2;12;0;2023;10;15;2;2;5;3;0;1;1;1;0;0;0;0;456363.936;5426325.968;8.40354874900004;48.9882948900001;1
211776;8,23E+018;8;2;12;0;2023;10;15;2;3;5;5;0;0;1;1;0;0;0;0;453349.1715;5428907.8185;8.36204667000004;49.0112984040001;1
213607;8,23E+018;8;2;12;0;2023;10;15;2;3;0;7;0;0;1;0;0;0;0;0;455415.2487;5428770.7602;8.39031376000003;49.0102182960001;1
213069;8,23E+018;8;2;12;0;2023;10;17;2;3;4;3;2;1;1;0;0;0;0;1;454776.153;5428518.6077;8.38160289300004;49.007903658;1
213070;8,23E+018;8;2;12;0;2023;10;20;2;3;0;7;2;1;1;0;0;0;0;0;460766.947;5427170.7716;8.46364800000004;48.9961895220001;1
213275;8,23E+018;8;2;12;0;2023;10;1;3;3;0;7;2;1;1;0;0;0;0;0;458727.0085;5428214.0454;8.43565552000007;49.005440951;1
95032;8,23E+018;8;2;12;0;2023;10;6;3;3;0;2;2;0;1;1;0;0;0;0;455649.2315;5427290.5385;8.39367490100005;48.9969204060001;1
98355;8,23E+018;8;2;12;0;2023;10;8;3;3;5;2;1;1;1;1;0;0;0;0;458110.2214;5427626.2898;8.42728297500003;49.000112438;1
213276;8,23E+018;8;2;12;0;2023;10;13;3;3;5;2;0;1;1;1;0;0;0;0;459115.1632;5429609.2198;8.44082213600007;49.0180166160001;1
266680;8,23E+018;8;2;12;0;2023;10;14;3;3;4;6;0;0;1;0;0;0;0;0;454320.931437819;5427241.75523381;8.37552213700008;48.996384742;2
211728;8,23E+018;8;2;12;0;2023;10;16;3;3;6;6;0;0;1;0;1;0;0;0;455834.5788;5428867.4341;8.39603714900005;49.0111180430001;1
213037;8,23E+018;8;2;12;0;2023;10;17;3;3;5;2;1;1;1;1;0;0;0;0;456732.1;5428854.489;8.40831145300007;49.011065188;1
213038;8,23E+018;8;2;12;0;2023;10;17;3;3;5;3;2;1;1;1;0;0;0;0;458961.1332;5428364.0551;8.43884149000007;49.0068059270001;1
211726;8,23E+018;8;2;12;0;2023;10;21;3;3;5;2;2;0;1;1;0;0;0;0;454300.4579;5429318.956;8.37500846500006;49.0150677980001;1
213242;8,23E+018;8;2;12;0;2023;10;9;4;3;5;3;0;0;1;1;0;0;0;0;453478.0647;5426390.1214;8.36409756400008;48.988661295;1
266683;8,23E+018;8;2;12;0;2023;10;16;4;3;5;3;0;1;1;0;0;0;0;0;459754.945938415;5431349.14100502;8.44939930100003;49.0337095560001;2
94981;8,23E+018;8;2;12;0;2023;10;17;4;3;0;2;0;0;1;1;0;0;0;0;458072.7483;5427691.524;8.42676393500005;49.0006966870001;1
95316;8,23E+018;8;2;12;0;2023;10;18;4;3;5;3;0;0;1;1;0;0;0;0;459651.2166;5427948.1274;8.44831844200007;49.003110081;1
213519;8,23E+018;8;2;12;0;2023;10;19;4;3;5;3;2;1;1;0;0;0;0;1;454282.1915;5428871.4903;8.37480907200006;49.0110414640001;1
95314;8,23E+018;8;2;12;0;2023;10;20;4;3;5;3;2;0;1;1;0;0;0;0;456373.5851;5426618.5712;8.40364922100002;48.9909275800001;1
213476;8,23E+018;8;2;12;0;2023;10;6;5;3;5;3;2;1;1;1;0;0;0;0;457847.631;5428672.416;8.42358442800003;49.0095046280001;1
211619;8,23E+018;8;2;12;0;2023;10;8;5;3;0;7;0;0;1;0;0;0;0;0;459275.9318;5430728.0332;8.44290851900007;49.0280911500001;1
212368;8,23E+018;8;2;12;0;2023;10;8;5;3;0;7;0;0;1;0;0;0;0;0;463958.1293;5428360.8466;8.50716702200003;49.0070891300001;1
211937;8,23E+018;8;2;12;0;2023;10;9;5;3;5;3;0;0;1;1;0;0;0;0;455408.916;5432613.709;8.38980461300002;49.044785405;1
98716;8,23E+018;8;2;12;0;2023;10;13;5;3;5;2;0;1;1;1;0;0;0;0;452567.8357;5431600.339;8.35104771200003;49.0354580660001;1
213205;8,23E+018;8;2;12;0;2023;10;13;5;3;3;2;0;0;1;1;0;0;0;0;453434.7084;5428931.5912;8.36321359000004;49.0115187010001;1
213471;8,23E+018;8;2;12;0;2023;10;14;5;3;3;2;0;1;1;1;0;0;0;0;455187.8021;5428485.4402;8.38723516200003;49.0076353420001;1
211621;8,23E+018;8;2;12;0;2023;10;16;5;3;5;3;0;0;1;0;0;0;0;0;456491.1844;5428059.8952;8.40510227300007;49.0039007820001;1
211938;8,23E+018;8;2;12;0;2023;10;17;5;3;5;3;0;0;1;1;0;0;0;0;458131.6476;5428606.5713;8.42747482100003;49.008931681;1
211936;8,23E+018;8;2;12;0;2023;10;17;5;3;6;4;0;0;1;0;1;0;0;0;455031.1246;5426705.0738;8.38528998900006;48.9916093740001;1
96277;8,23E+018;8;2;12;0;2023;10;1;6;3;5;3;2;0;1;1;0;0;0;0;457925.223;5427940.32;8.42472127600007;49.0029246080001;1
213415;8,23E+018;8;2;12;0;2023;10;8;6;3;5;3;0;1;1;0;0;0;0;1;453693.3317;5425692.7556;8.36711927800008;48.982404606;1
213164;8,23E+018;8;2;12;0;2023;10;8;6;3;4;6;0;0;1;0;0;0;0;0;454352.3828;5429921.9203;8.37565071700004;49.020495338;1
211897;8,23E+018;8;2;12;0;2023;10;9;6;3;5;3;0;0;1;1;0;0;0;0;459610.733;5428044.7663;8.44775533200004;49.003976719;1
211565;8,23E+018;8;2;12;0;2023;10;12;6;2;5;7;0;0;1;0;0;0;0;1;453012.2278;5430892.8514;8.35720934000005;49.029128245;1
211562;8,23E+018;8;2;12;0;2023;10;16;6;2;0;7;0;0;1;0;0;0;0;0;460576.898;5432348.077;8.46054689900007;49.0427482470001;1
211563;8,23E+018;8;2;12;0;2023;10;16;6;3;0;1;0;0;1;0;0;0;0;0;455411.6454;5427326.3279;8.39042309400003;48.9972252220001;1
211564;8,23E+018;8;2;12;0;2023;10;16;6;3;0;7;1;0;1;0;0;0;0;0;463303.2009;5428292.1682;8.49821816000002;49.0064327530001;1
213108;8,23E+018;8;2;12;0;2023;10;10;7;3;1;5;0;0;1;1;0;0;0;0;455400.1622;5428687.9744;8.39011656400004;49.0094725400001;1
213111;8,23E+018;8;2;12;0;2023;10;12;7;3;6;7;0;1;1;0;1;0;0;0;458375.3573;5429157.6502;8.43075072200003;49.0139052070001;1
98548;8,23E+018;8;2;12;0;2023;10;18;7;2;5;3;1;0;1;1;0;0;0;0;462842.241;5421351.453;8.49254950000005;48.943971343;1
211845;8,23E+018;8;2;12;0;2023;10;22;7;3;1;5;2;0;1;1;0;0;0;0;456954.2985;5428589.0648;8.41137799600006;49.0086932040001;1
97106;8,23E+018;8;2;12;0;2023;11;10;1;3;2;3;0;1;1;1;0;0;0;0;459437.9278;5429941.5916;8.44520310800004;49.0210276620001;1
214555;8,23E+018;8;2;12;0;2023;11;13;1;2;0;1;0;1;1;0;0;0;0;0;456886.7665;5427792.743;8.41053914400004;49.0015254700001;1
214556;8,23E+018;8;2;12;0;2023;11;17;1;3;5;3;2;0;1;1;0;0;0;0;456186.1546;5428843.2675;8.40084728600004;49.010925726;1
214534;8,23E+018;8;2;12;0;2023;11;9;2;2;5;3;0;0;1;0;0;0;0;0;460314.1701;5430868.3024;8.45709686300006;49.029420584;1
212654;8,23E+018;8;2;12;0;2023;11;9;2;3;2;6;0;1;1;1;0;0;0;0;454958.3637;5427500.9798;8.38420719000004;48.9987633280001;1
212656;8,23E+018;8;2;12;0;2023;11;9;2;3;6;7;0;1;1;0;1;0;0;0;455481.7552;5428261.1892;8.39127904600002;49.0056394580001;1
214304;8,23E+018;8;2;12;0;2023;11;18;2;3;5;2;2;1;1;1;0;0;0;0;461020.9411;5427807.5563;8.46705906500006;49.0019336350001;1
214305;8,23E+018;8;2;12;0;2023;11;18;2;3;5;3;2;1;1;1;0;0;0;0;461557.232;5427496.332;8.47442063200003;48.999167732;1
96746;8,23E+018;8;2;12;0;2023;11;19;2;3;5;3;2;1;1;1;0;0;0;0;451940.1706;5430923.2384;8.34254104300004;49.0293189560001;1
97687;8,23E+018;8;2;12;0;2023;11;19;2;3;5;3;2;1;1;1;0;0;0;0;452514.2879;5427570.0661;8.35078678900004;48.999201596;1
212876;8,23E+018;8;2;12;0;2023;11;19;2;3;5;3;2;1;1;1;0;0;0;0;455092.8806;5429276.2765;8.38584978300003;49.0147420800001;1
214267;8,23E+018;8;2;12;0;2023;11;7;3;3;0;7;2;1;1;0;0;0;0;0;455970.4446;5427885.3524;8.39800151200006;49.0022938210001;1
266753;8,23E+018;8;2;12;0;2023;11;7;3;3;0;7;1;1;1;0;0;0;0;1;452419.18748591;5427889.93637532;8.34944921300007;49.002071518;2
212839;8,23E+018;8;2;12;0;2023;11;8;3;3;5;2;0;1;1;1;0;0;0;0;454143.4909;5425696.3172;8.37327088700005;48.9824702280001;1
96712;8,23E+018;8;2;12;0;2023;11;8;3;3;5;3;0;1;1;1;0;0;0;0;456364.1721;5426314.8703;8.40355316700004;48.9881950810001;1
214498;8,23E+018;8;2;12;0;2023;11;9;3;2;5;3;0;1;1;1;0;0;0;0;451836.0469;5431581.8766;8.34103848400002;49.0352352630001;1
212613;8,23E+018;8;2;12;0;2023;11;11;3;2;6;4;0;0;1;0;1;0;0;0;456242.7035;5428463.0203;8.40166153300004;49.0075093730001;1
214268;8,23E+018;8;2;12;0;2023;11;14;3;3;1;5;0;0;1;1;0;0;0;0;461650.8799;5427744.9371;8.47567743200006;49.0014098190001;1
212840;8,23E+018;8;2;12;0;2023;11;15;3;3;3;2;0;1;1;1;0;0;0;0;455193.6202;5430966.15;8.38704076100004;49.0299499280001;1
214497;8,23E+018;8;2;12;0;2023;11;17;3;3;5;3;2;0;1;1;0;0;0;0;458763.7745;5429345.2603;8.43604329400006;49.0156188720001;1
212612;8,23E+018;8;2;12;0;2023;11;19;3;2;1;7;2;1;1;1;0;0;0;0;453579.72;5431088.7108;8.36494968400007;49.0309329840001;1
214460;8,23E+018;8;2;12;0;2023;11;7;4;3;2;2;2;1;1;0;0;0;0;1;461091.316;5427257.4059;8.46807392400007;48.9969893460001;1
212801;8,23E+018;8;2;12;0;2023;11;8;4;3;5;7;0;0;1;1;0;0;0;0;456344.646;5427787.699;8.40312802300002;49.001441996;1
212802;8,23E+018;8;2;12;0;2023;11;10;4;3;1;5;0;1;1;1;0;0;0;0;461201.6644;5427180.5698;8.46958978300006;48.996305132;1
212803;8,23E+018;8;2;12;0;2023;11;13;4;2;5;3;0;0;1;1;0;0;0;0;461411.16;5427975.175;8.47237816400008;49.003465922;1
212804;8,23E+018;8;2;12;0;2023;11;17;4;3;5;2;2;0;1;1;0;0;0;0;455056.933;5426802.2503;8.38563201200003;48.992485367;1
214422;8,23E+018;8;2;12;0;2023;11;7;5;3;5;3;1;0;1;1;0;0;0;0;453291.8404;5429289.5847;8.36121877900007;49.0147280680001;1
214196;8,23E+018;8;2;12;0;2023;11;8;5;3;5;2;0;0;1;1;0;0;0;0;457430.8076;5428823.1145;8.41786905000004;49.0108315680001;1
212774;8,23E+018;8;2;12;0;2023;11;12;5;3;0;7;0;1;1;0;0;0;0;0;456573.9749;5423875.7602;8.40668120900006;48.9662696620001;1
214435;8,23E+018;8;2;12;0;2023;11;14;5;3;5;3;0;0;1;1;0;0;0;0;454803.6166;5428811.1593;8.38194584000007;49.0105371940001;1
212543;8,23E+018;8;2;12;0;2023;11;17;5;3;0;1;2;1;1;0;0;0;0;0;456226.415;5428066.0924;8.40148160900003;49.0039378050001;1
212545;8,23E+018;8;2;12;0;2023;11;17;5;3;5;3;2;1;1;1;0;0;0;0;457877.901;5427933.165;8.42407502900005;49.0028570200001;1
212988;8,23E+018;8;2;12;0;2023;11;17;5;3;0;7;2;0;1;0;0;0;0;0;455047.4361;5426760.1347;8.38550685700005;48.9921058410001;1
212953;8,23E+018;8;2;12;0;2023;11;7;6;3;0;1;1;0;1;0;0;0;0;0;460804.8679;5429675.437;8.46392458000003;49.018721924;1
96867;8,23E+018;8;2;12;0;2023;11;13;6;3;2;6;0;1;1;0;0;0;0;0;456383.3215;5425804.5306;8.40386966300002;48.9836058510001;1
212737;8,23E+018;8;2;12;0;2023;11;14;6;2;0;3;0;0;1;1;0;0;0;0;460322.6589;5425087.3077;8.45777784200004;48.977419883;1
212736;8,23E+018;8;2;12;0;2023;11;15;6;3;5;3;0;1;1;1;0;0;0;0;459017.1209;5425919.2705;8.43985365200007;48.9848183390001;1
97134;8,23E+018;8;2;12;0;2023;11;10;7;3;5;3;0;0;1;1;0;0;0;0;453439.084;5427097.7285;8.36348369300004;48.995023335;1
97752;8,23E+018;8;2;12;0;2023;11;10;7;3;4;6;0;0;1;0;0;0;0;0;453155.7993;5427230.2308;8.35959599100005;48.996193772;1
214349;8,23E+018;8;2;12;0;2023;11;12;7;3;5;3;0;0;1;1;0;0;0;0;455491.2301;5428225.1774;8.39141254100002;49.005316212;1
96817;8,23E+018;8;2;12;0;2023;11;15;7;3;5;3;0;1;1;1;0;0;0;0;458378.3917;5433018.5533;8.43039587700002;49.04863471;1
214348;8,23E+018;8;2;12;0;2023;11;21;7;3;0;7;2;1;1;0;0;0;0;0;456705.5668;5427887.9778;8.40805169700008;49.002369437;1
96715;8,23E+018;8;2;12;0;2023;12;4;1;3;0;7;2;2;1;0;0;0;0;0;456852.1177;5428287.618;8.41001285400006;49.005974516;1
214102;8,23E+018;8;2;12;0;2023;12;10;2;3;5;3;0;1;1;1;0;0;0;0;457681.9224;5429848.3639;8.42119593000007;49.0200710950001;1
213669;8,23E+018;8;2;12;0;2023;12;12;2;3;5;3;0;0;1;1;0;0;0;0;452339.1092;5427291.5394;8.34842463100006;48.9966827380001;1
213667;8,23E+018;8;2;12;0;2023;12;15;2;3;5;2;0;0;1;1;0;0;0;0;456834.5971;5428989.5348;8.40969866200004;49.0122871200001;1
214065;8,23E+018;8;2;12;0;2023;12;1;3;3;0;1;2;2;1;0;0;0;0;0;454215.7647;5425367.4224;8.37429564100006;48.9795171440001;1
214064;8,23E+018;8;2;12;0;2023;12;8;3;3;0;5;1;0;1;1;0;0;0;0;453681.5141;5429582.4463;8.36651419000003;49.017391747;1
213860;8,23E+018;8;2;12;0;2023;12;9;3;3;1;5;0;0;1;1;0;0;0;0;461471.1173;5427476.9881;8.47324518200003;48.9989883600001;1
214095;8,23E+018;8;2;12;0;2023;12;16;3;3;5;3;1;1;1;0;0;0;0;1;455436.018;5432629.408;8.39017373400003;49.044928579;1
213637;8,23E+018;8;2;12;0;2023;12;17;3;2;0;5;2;1;1;1;0;0;0;0;456340.5485;5425326.0013;8.40333648400002;48.9792983830001;1
213857;8,23E+018;8;2;12;0;2023;12;18;3;2;5;3;2;1;1;1;0;0;0;0;455402.983;5427206.751;8.39031780300007;48.9961489880001;1
214480;8,23E+018;8;2;12;0;2023;12;18;3;3;4;6;2;0;1;0;0;0;0;0;454354.2833;5429325.7342;8.37574377800007;49.015132753;1
215646;8,23E+018;8;2;12;0;2023;12;12;4;3;5;3;0;1;1;1;0;0;0;0;456840.2205;5428495.1468;8.40982812400006;49.0078404320001;1
99346;8,23E+018;8;2;12;0;2023;12;13;4;3;5;2;0;0;1;1;0;0;0;0;461770.623;5421755.7617;8.47787747300004;48.9475429240001;1
213816;8,23E+018;8;2;12;0;2023;12;15;4;3;2;6;0;1;1;1;0;0;0;0;456613.4243;5424983.3188;8.40710204000004;48.9762351220001;1
213812;8,23E+018;8;2;12;0;2023;12;16;4;3;6;4;1;1;1;0;1;0;0;0;454050.737;5428489.2655;8.37168739500004;49.007586136;1
213776;8,23E+018;8;2;12;0;2023;12;5;5;3;1;3;2;1;1;1;0;0;0;0;454319.9145;5429453.2931;8.37525941700005;49.0162776080001;1
99583;8,23E+018;8;2;12;0;2023;12;8;5;3;0;1;0;1;1;0;0;0;0;0;454494.712;5428274.6357;8.37778201200007;49.005688423;1
99940;8,23E+018;8;2;12;0;2023;12;11;5;3;5;2;0;0;1;1;0;0;0;0;456401.5663;5426587.7068;8.40403499900003;48.9906519260001;1
215611;8,23E+018;8;2;12;0;2023;12;13;5;3;1;5;0;0;1;1;0;0;0;0;453760.4125;5428577.1436;8.36770772600005;49.00835492;1
99260;8,23E+018;8;2;12;0;2023;12;16;5;3;5;3;2;1;1;1;0;0;0;0;456364.2702;5426310.2606;8.40355500300007;48.9881536230001;1
214001;8,23E+018;8;2;12;0;2023;12;16;5;3;5;3;2;0;1;1;0;0;0;0;454319.353;5428877.4431;8.37531655400005;49.0110977620001;1
99068;8,23E+018;8;2;12;0;2023;12;18;5;3;7;7;2;0;1;0;0;0;0;0;455994.3972;5429294.9628;8.39817618700005;49.014975124;1
214164;8,23E+018;8;2;12;0;2023;12;5;6;3;5;3;2;0;1;0;0;0;0;1;452906.4792;5429100.1419;8.35597090600004;49.0129947300001;1
213964;8,23E+018;8;2;12;0;2023;12;10;6;3;5;3;0;1;1;1;0;0;0;0;452923.3383;5428335.2348;8.35629015400002;49.0061156520001;1
215585;8,23E+018;8;2;12;0;2023;12;17;6;3;5;3;2;1;1;1;0;0;0;0;455040.1003;5429893.2701;8.38505963700004;49.0202881370001;1
96668;8,23E+018;8;2;12;0;2023;12;19;6;3;5;3;2;1;1;1;0;0;0;0;455982.7053;5429419.994;8.39800273500003;49.016098958;1
97042;8,23E+018;8;2;12;0;2023;12;22;6;3;5;3;2;1;1;0;0;0;0;1;456407.736;5424454.743;8.40434802200002;48.9714660130001;1
213713;8,23E+018;8;2;12;0;2023;12;16;7;2;0;7;0;0;1;0;0;0;0;1;451726.4915;5427413.7961;8.34003554100008;48.9977348410001;1
215454;8,23E+018;8;2;12;0;2023;12;16;7;3;6;6;0;0;1;0;1;0;0;0;454855.0526;5431775.219;8.38231927900006;49.037202843;1
